"Freq [MHz]","im(Matrix1.Z(Winding,Winding))/re(Matrix1.Z(Winding,Winding)) []","re(Matrix1.Z(Winding,Winding)) [mOhm]","Matrix1.L(Winding,Winding) [nH]"
1,5.03030915952882,6.79594600179742,5.44082463737652
25.75,15.2156932508664,56.2477350374071,5.28980523022572
50.5,9.37273457781073,176.0828009353,5.20130127356503
75.25,6.79483989274062,353.84037681141,5.0851087375614
100,5.42858876534918,573.026380232044,4.95087191909151
