"Freq [MHz]","im(Matrix1.Z(Winding,Winding))/re(Matrix1.Z(Winding,Winding)) []","re(Matrix1.Z(Winding,Winding)) [mOhm]","Matrix1.L(Winding,Winding) [nH]"
1,8.84389227090866,3.44765200578448,4.85273972293949
25.75,18.656883051278,41.2718443103869,4.75922091033744
50.5,11.1493207128021,133.383893030367,4.6868445633347
75.25,8.14032914007075,266.864956505067,4.59459399371722
100,6.59140802202326,428.380865411464,4.49395161006619
