"Freq [MHz]","im(Matrix1.Z(Winding,Winding))/re(Matrix1.Z(Winding,Winding)) []","re(Matrix1.Z(Winding,Winding)) [ohm]","Matrix1.L(Winding,Winding) [nH]"
1,9.37751434977079,0.00824251575624927,12.3017714747515
25.75,2.51897694293065,0.616597032446872,9.59994004573549
50.5,1.71558685640747,1.32810155213212,7.18079863093838
75.25,1.49934975324318,1.82222168204101,5.77853555433208
100,1.44298144638707,2.15955856939115,4.95959102854544
