"Freq [MHz]","im(Matrix1.Z(Winding,Winding))/re(Matrix1.Z(Winding,Winding)) []","re(Matrix1.Z(Winding,Winding)) [ohm]","Matrix1.L(Winding,Winding) [nH]"
1,6.72243402157435,0.00702113052523904,7.51196795976211
25.75,7.17408523755731,0.16146233327037,7.15946639180786
50.5,4.19438322146262,0.505054542284707,6.67628922074503
75.25,3.15050710065412,0.923504346621931,6.1536534385643
100,2.63490247036179,1.35279146172917,5.67303587293776
