"Freq [MHz]","im(Matrix1.Z(Winding,Winding))/re(Matrix1.Z(Winding,Winding)) []","re(Matrix1.Z(Winding,Winding)) [mOhm]","Matrix1.L(Winding,Winding) [nH]"
1,5.99862586313749,5.36408955550619,5.1211550776765
25.75,16.246175416126,50.2299419927514,5.04378671076622
50.5,9.6933366585198,162.069940378412,4.95113219722824
75.25,7.10355519190024,321.594949562894,4.83168492711056
100,5.78322493494529,511.096282712321,4.70427756278693
