"Freq [MHz]","im(Matrix1.Z(Winding,Winding))/re(Matrix1.Z(Winding,Winding)) []","re(Matrix1.Z(Winding,Winding)) [ohm]","Matrix1.L(Winding,Winding) [nH]"
1,6.21416426816815,0.0204598761910717,20.2351236422109
25.75,1.30311591164424,1.09938013714401,8.85469960113178
50.5,1.25248101127188,1.54198140095373,6.08665994956891
75.25,1.33845723864319,1.82250206768747,5.15924507049974
100,1.42021159784769,2.06775472637937,4.67382243295092
