"Freq [MHz]","im(Matrix1.Z(Winding,Winding))/re(Matrix1.Z(Winding,Winding)) []","re(Matrix1.Z(Winding,Winding)) [ohm]","Matrix1.L(Winding,Winding) [nH]"
1,6.04982751167388,0.00930564412647499,8.96003206938135
25.75,4.52475952019827,0.293465107477996,8.20719727267236
50.5,2.78239359790322,0.813496129792817,7.1335023725808
75.25,2.19473417048102,1.33878901676108,6.21452148119513
100,1.91532882070358,1.80169723616806,5.49218664404423
