"Freq [MHz]","im(Matrix1.Z(Winding,Winding))/re(Matrix1.Z(Winding,Winding)) []","re(Matrix1.Z(Winding,Winding)) [mOhm]","Matrix1.L(Winding,Winding) [nH]"
1,3.77241325837902,8.84543549883746,5.31078370612779
25.75,14.8133255266725,56.6436968207093,5.18617365325505
50.5,9.45106257003904,171.054657749406,5.0950012660294
75.25,6.97269370900783,337.62410233246,4.97906342107337
100,5.64663029444058,539.726690272285,4.85046506033683
