"Freq [MHz]","im(Matrix1.Z(Winding,Winding))/re(Matrix1.Z(Winding,Winding)) []","re(Matrix1.Z(Winding,Winding)) [mOhm]","Matrix1.L(Winding,Winding) [nH]"
1,4.34286109947512,8.98403664720219,6.2096566254079
25.75,11.0637986562709,87.947545828548,6.01410334933425
50.5,6.64542075136456,278.8014120528,5.83910393678176
75.25,4.83492218958688,548.929937347605,5.61332300551377
100,3.90359708525609,863.800951464056,5.36659466739511
