"Freq [MHz]","im(Matrix1.Z(Winding,Winding))/re(Matrix1.Z(Winding,Winding)) []","re(Matrix1.Z(Winding,Winding)) [ohm]","Matrix1.L(Winding,Winding) [nH]"
1,6.16032991396508,0.0191300473306078,18.7559966903492
25.75,1.54023844740691,1.04613901416492,9.95910375813533
50.5,1.28966237973423,1.64907026704397,6.70260994018695
75.25,1.31378723282962,1.97564833659903,5.48969615496016
100,1.38381057230823,2.22363721865433,4.89734512307925
