"Freq [MHz]","im(Matrix1.Z(Winding,Winding))/re(Matrix1.Z(Winding,Winding)) []","re(Matrix1.Z(Winding,Winding)) [mOhm]","Matrix1.L(Winding,Winding) [nH]"
1,7.01596556490667,5.45459611689585,6.09074166297242
25.75,10.7173378662789,89.7021428684788,5.94199987482529
50.5,6.33930983095351,285.886659612129,5.71168991842385
75.25,4.77584509707918,540.350083862047,5.45806976775997
100,3.97651462523875,824.686332288419,5.21929101443525
