"Freq [MHz]","im(Matrix1.Z(Winding,Winding))/re(Matrix1.Z(Winding,Winding)) []","re(Matrix1.Z(Winding,Winding)) [mOhm]","Matrix1.L(Winding,Winding) [nH]"
1,4.02967665808494,7.06770114435367,4.53282036663449
25.75,21.7579966754478,33.2179624216658,4.4671937993034
50.5,14.2694238132017,98.5577082494319,4.43226569848518
75.25,10.3882303279376,199.562871425993,4.38465009915018
100,8.22717927715615,330.39404140325,4.32616718724288
