"Freq [MHz]","im(Matrix1.Z(Winding,Winding))/re(Matrix1.Z(Winding,Winding)) []","re(Matrix1.Z(Winding,Winding)) [mOhm]","Matrix1.L(Winding,Winding) [nH]"
1,2.62315586680247,13.2124554089506,5.51604452621378
25.75,12.9683363391964,66.7374065155302,5.34929426815931
50.5,8.75272360074296,189.801090094325,5.23565076729017
75.25,6.64524372279695,362.840865882489,5.09965429033081
100,5.496578708375,566.723174627079,4.95773780798481
