Freq [MHz],"Matrix1.Z(Winding,Winding) [mOhm]","Matrix1.L(Winding,Winding) [nH]",R_11_ohm,X_11_ohm,R_11_mOhm,X_11_mOhm,Q_1
1.0,13.2544646724351 + 21.1935658596203i,3.37306076830221,0.013254464672435101,0.0211935658596203,13.254464672435102,21.1935658596203,1.5989756194149358
25.75,35.0260404385167 + 501.152947084515i,3.09751335042997,0.0350260404385167,0.501152947084515,35.0260404385167,501.15294708451495,14.30801029206309
50.5,56.4591979925208 + 968.75741010997i,3.05311941536444,0.0564591979925208,0.9687574101099701,56.4591979925208,968.7574101099701,17.158540052912233
75.25,82.8041502652191 + 1432.6788459051i,3.03013847427228,0.0828041502652191,1.4326788459050999,82.8041502652191,1432.6788459051,17.302017366475887
100.0,114.834401914465 + 1893.51499237777i,3.01362270855535,0.114834401914465,1.89351499237777,114.834401914465,1893.51499237777,16.48909177746373
