Freq [MHz],"Matrix1.Z(Winding,Winding) [mOhm]","Matrix1.L(Winding,Winding) [nH]",R_11_ohm,X_11_ohm,R_11_mOhm,X_11_mOhm,Q_1
1.0,11.1215293748994 + 21.6075150901543i,3.43894283453077,0.0111215293748994,0.0216075150901543,11.1215293748994,21.6075150901543,1.9428546526093002
25.75,42.8831846834303 + 473.827824112088i,2.92862292745305,0.0428831846834303,0.473827824112088,42.8831846834303,473.827824112088,11.049268556194033
50.5,70.9599695732287 + 908.094167243527i,2.86193416850942,0.07095996957322871,0.908094167243527,70.95996957322872,908.094167243527,12.797273909572342
75.25,103.802730323184 + 1336.68251066302i,2.82710470320936,0.10380273032318399,1.33668251066302,103.802730323184,1336.68251066302,12.877142118529386
100.0,142.385673304747 + 1760.54100109735i,2.80198802840597,0.142385673304747,1.7605410010973501,142.385673304747,1760.54100109735,12.364593713928489
