Freq [MHz],"Matrix1.Z(Winding,Winding) [mOhm]","Matrix1.L(Winding,Winding) [nH]",R_11_ohm,X_11_ohm,R_11_mOhm,X_11_mOhm,Q_1
1.0,9.15818066575776 + 22.5731024585412i,3.59262083719664,0.00915818066575776,0.0225731024585412,9.15818066575776,22.5731024585412,2.4648020477409385
25.75,36.6235653693769 + 519.688778621319i,3.21207914512515,0.0366235653693769,0.519688778621319,36.6235653693769,519.688778621319,14.190010540477337
50.5,67.1633466737007 + 1002.35002003412i,3.15898931478596,0.0671633466737007,1.00235002003412,67.1633466737007,1002.35002003412,14.924063044443441
75.25,107.04070776912 + 1478.86377507485i,3.12782033173029,0.10704070776912,1.4788637750748501,107.04070776912,1478.86377507485,13.815900566209494
100.0,156.415589605324 + 1949.18433342125i,3.10222321661273,0.15641558960532398,1.94918433342125,156.415589605324,1949.18433342125,12.461573289079011
