Freq [MHz],"Matrix1.Z(Winding,Winding) [mOhm]","Matrix1.L(Winding,Winding) [nH]",R_11_ohm,X_11_ohm,R_11_mOhm,X_11_mOhm,Q_1
1.0,21.0809459357631 + 21.3167530407328i,3.39266661710182,0.021080945935763103,0.0213167530407328,21.080945935763104,21.3167530407328,1.011185793355205
25.75,52.3286465508076 + 488.640582804538i,3.02017724849114,0.0523286465508076,0.488640582804538,52.3286465508076,488.640582804538,9.337917469929225
50.5,80.1879423846101 + 935.551668461495i,2.94846876343598,0.08018794238461009,0.935551668461495,80.1879423846101,935.551668461495,11.666986839171582
75.25,111.176475911838 + 1376.76552594206i,2.91188091604242,0.111176475911838,1.3767655259420601,111.17647591183801,1376.76552594206,12.383604666816597
100.0,146.58619437096 + 1813.80764671232i,2.88676452792143,0.14658619437096,1.81380764671232,146.58619437096,1813.80764671232,12.373659432908036
