Freq [MHz],"Matrix1.Z(Winding,Winding) [mOhm]","Matrix1.L(Winding,Winding) [nH]",R_11_ohm,X_11_ohm,R_11_mOhm,X_11_mOhm,Q_1
1.0,21.4460938777321 + 26.7930886621468i,4.26425250128008,0.0214460938777321,0.026793088662146802,21.446093877732103,26.7930886621468,1.2493225486607886
25.75,85.372465213239 + 570.432110139404i,3.52571223405929,0.085372465213239,0.570432110139404,85.37246521323901,570.432110139404,6.6816872245004015
50.5,150.99493340967 + 1071.78146235566i,3.37780827026068,0.15099493340967002,1.07178146235566,150.99493340967,1071.78146235566,7.098128646792205
75.25,228.122868665554 + 1553.58646697699i,3.28586000983471,0.228122868665554,1.55358646697699,228.122868665554,1553.58646697699,6.810305674590957
100.0,314.779074674978 + 2017.30828013777i,3.21064584524136,0.314779074674978,2.01730828013777,314.779074674978,2017.3082801377702,6.408647977063665
