Freq [MHz],"Matrix1.Z(Winding,Winding) [mOhm]","Matrix1.L(Winding,Winding) [nH]",R_11_ohm,X_11_ohm,R_11_mOhm,X_11_mOhm,Q_1
1.0,8.82118407834206 + 16.6467532085548i,2.64941305957236,0.008821184078342061,0.0166467532085548,8.82118407834206,16.6467532085548,1.8871336388304405
25.75,19.6643404703794 + 402.951889841967i,2.49055476103184,0.0196643404703794,0.402951889841967,19.6643404703794,402.951889841967,20.49150290338685
50.5,28.0628269254977 + 782.863948121956i,2.46726073489201,0.0280628269254977,0.782863948121956,28.0628269254977,782.863948121956,27.896831285042456
75.25,37.0882693622424 + 1161.35163516124i,2.45627712164473,0.0370882693622424,1.16135163516124,37.0882693622424,1161.35163516124,31.31317948050578
100.0,47.290017470551 + 1538.9537487523i,2.44932096303732,0.047290017470551,1.5389537487523002,47.290017470551,1538.9537487523003,32.54288814146994
