Freq [MHz],"Matrix1.Z(Winding,Winding) [mOhm]","Matrix1.L(Winding,Winding) [nH]",R_11_ohm,X_11_ohm,R_11_mOhm,X_11_mOhm,Q_1
1.0,26.1328772204065 + 24.0902941023933i,3.83408938693342,0.0261328772204065,0.0240902941023933,26.132877220406503,24.0902941023933,0.921838567533689
25.75,57.6917603014573 + 572.718028483461i,3.53984097984418,0.0576917603014573,0.572718028483461,57.6917603014573,572.718028483461,9.927206684123211
50.5,93.1258411843709 + 1101.73239592366i,3.47220112427184,0.0931258411843709,1.10173239592366,93.1258411843709,1101.73239592366,11.830576582309158
75.25,137.701946393953 + 1623.8106267348i,3.43438522112947,0.137701946393953,1.6238106267348,137.701946393953,1623.8106267348,11.792212595813442
100.0,192.131174678195 + 2139.5624716689i,3.40521943420019,0.19213117467819502,2.1395624716689,192.131174678195,2139.5624716689003,11.135946445195597
