Freq [MHz],"Matrix1.Z(Winding,Winding) [mOhm]","Matrix1.L(Winding,Winding) [nH]",R_11_ohm,X_11_ohm,R_11_mOhm,X_11_mOhm,Q_1
1.0,7.26864574813826 + 16.9889927681123i,2.70388217719754,0.00726864574813826,0.0169889927681123,7.26864574813826,16.9889927681123,2.337298219886936
25.75,21.7450913207303 + 397.002264242771i,2.4537814669092,0.0217450913207303,0.397002264242771,21.7450913207303,397.002264242771,18.25709804512506
50.5,31.6823285975654 + 768.52620227366i,2.42207413836623,0.0316823285975654,0.7685262022736601,31.6823285975654,768.52620227366,24.257251164698694
75.25,41.6095369170789 + 1138.21169441249i,2.40733578007641,0.0416095369170789,1.13821169441249,41.6095369170789,1138.21169441249,27.354586922723087
100.0,52.2987983181399 + 1506.80191878622i,2.39814973635179,0.052298798318139904,1.50680191878622,52.2987983181399,1506.80191878622,28.811406136335332
