Freq [MHz],"Matrix1.Z(Winding,Winding) [mOhm]","Matrix1.L(Winding,Winding) [nH]",R_11_ohm,X_11_ohm,R_11_mOhm,X_11_mOhm,Q_1
1.0,13.2023305974267 + 21.0782821951378i,3.35471280324207,0.0132023305974267,0.0210782821951378,13.2023305974267,21.0782821951378,1.5965576713588903
25.75,34.0751656301979 + 501.339788127607i,3.09866817278261,0.034075165630197905,0.501339788127607,34.07516563019791,501.33978812760705,14.712761592076092
50.5,53.3759195523003 + 969.312053484804i,3.05486742001311,0.053375919552300304,0.969312053484804,53.3759195523003,969.312053484804,18.16010031518099
75.25,76.3402625580338 + 1433.98679388606i,3.03290480498957,0.0763402625580338,1.43398679388606,76.3402625580338,1433.98679388606,18.7841480476432
100.0,103.839581651164 + 1896.05931784749i,3.01767212830875,0.103839581651164,1.89605931784749,103.839581651164,1896.05931784749,18.259504590620008
