Freq [MHz],"Matrix1.Z(Winding,Winding) [mOhm]","Matrix1.L(Winding,Winding) [nH]",R_11_ohm,X_11_ohm,R_11_mOhm,X_11_mOhm,Q_1
1.0,13.294822082969 + 22.0373302348741i,3.50735003942869,0.013294822082969001,0.0220373302348741,13.294822082969,22.0373302348741,1.6575874500121721
25.75,37.6871279623291 + 518.018508153218i,3.20175558002617,0.0376871279623291,0.518018508153218,37.6871279623291,518.018508153218,13.745237065318788
50.5,62.8349177407739 + 1000.33778174733i,3.15264757874593,0.0628349177407739,1.00033778174733,62.8349177407739,1000.33778174733,15.920093758604631
75.25,94.4161598568085 + 1478.15410183719i,3.12631936158074,0.09441615985680851,1.47815410183719,94.41615985680852,1478.15410183719,15.655732070431137
100.0,133.123147747488 + 1951.93971563379i,3.10660854360507,0.13312314774748799,1.95193971563379,133.123147747488,1951.93971563379,14.662661968723038
