Freq [MHz],"Matrix1.Z(Winding,Winding) [mOhm]","Matrix1.L(Winding,Winding) [nH]",R_11_ohm,X_11_ohm,R_11_mOhm,X_11_mOhm,Q_1
1.0,7.26610809268685 + 16.1353045323508i,2.5680134746167,0.007266108092686851,0.016135304532350802,7.266108092686851,16.1353045323508,2.220625447148325
25.75,20.8383015318076 + 377.341623684303i,2.33226348130791,0.020838301531807598,0.377341623684303,20.8383015318076,377.34162368430304,18.10807963923204
50.5,30.3425469538677 + 730.556684993359i,2.30241005199053,0.0303425469538677,0.730556684993359,30.3425469538677,730.556684993359,24.076973040664157
75.25,39.8761071335339 + 1081.98106985664i,2.28840711760188,0.0398761071335339,1.08198106985664,39.8761071335339,1081.98106985664,27.133568134757713
100.0,50.1457754497283 + 1432.34016475286i,2.27964017409478,0.0501457754497283,1.43234016475286,50.1457754497283,1432.34016475286,28.563526077860676
