Freq [MHz],"Matrix1.Z(Winding,Winding) [mOhm]","Matrix1.L(Winding,Winding) [nH]",R_11_ohm,X_11_ohm,R_11_mOhm,X_11_mOhm,Q_1
1.0,13.5814265445199 + 26.9720497860873i,4.29273504877649,0.0135814265445199,0.0269720497860873,13.5814265445199,26.9720497860873,1.9859511589355472
25.75,60.7151508801809 + 610.045881008306i,3.77055601845911,0.0607151508801809,0.610045881008306,60.7151508801809,610.0458810083061,10.047671333506342
50.5,122.862755090378 + 1165.74156384981i,3.67393133176977,0.122862755090378,1.16574156384981,122.862755090378,1165.74156384981,9.488160695991956
75.25,205.658404088523 + 1704.06597769416i,3.60412656086045,0.205658404088523,1.70406597769416,205.658404088523,1704.06597769416,8.285904897718972
100.0,305.84450076002 + 2223.73222147798i,3.53917975160943,0.30584450076002,2.22373222147798,305.84450076002,2223.73222147798,7.270793543621126
