Freq [MHz],"Matrix1.Z(Winding,Winding) [mOhm]","Matrix1.L(Winding,Winding) [nH]",R_11_ohm,X_11_ohm,R_11_mOhm,X_11_mOhm,Q_1
1.0,9.06931245860062 + 22.3031487135598i,3.54965636427669,0.00906931245860062,0.0223031487135598,9.06931245860062,22.3031487135598,2.4591884793217433
25.75,34.6352416396233 + 517.885000009594i,3.20093039629799,0.0346352416396233,0.517885000009594,34.6352416396233,517.885000009594,14.952544734584004
50.5,61.4346078755891 + 999.730794237816i,3.15073460721059,0.0614346078755891,0.999730794237816,61.4346078755891,999.730794237816,16.273088228419486
75.25,95.7399638894857 + 1476.3527684877i,3.12250951298633,0.09573996388948569,1.4763527684877,95.7399638894857,1476.3527684877001,15.42044417513965
100.0,137.930565476686 + 1947.88398159006i,3.1001536423958,0.13793056547668603,1.9478839815900602,137.93056547668604,1947.88398159006,14.12220688618365
