Freq [MHz],"Matrix1.Z(Winding,Winding) [mOhm]","Matrix1.L(Winding,Winding) [nH]",R_11_ohm,X_11_ohm,R_11_mOhm,X_11_mOhm,Q_1
1.0,20.8048925122923 + 16.470484880551i,2.62135908386002,0.0208048925122923,0.016470484880550997,20.8048925122923,16.470484880551,0.7916640218554182
25.75,34.2646133746735 + 402.092363908826i,2.48524222507165,0.0342646133746735,0.40209236390882597,34.2646133746735,402.092363908826,11.734916122124709
50.5,44.7487106972117 + 777.522586876795i,2.45042699142653,0.0447487106972117,0.777522586876795,44.7487106972117,777.522586876795,17.375307014716796
75.25,54.5081100620718 + 1150.67946326065i,2.43370530886725,0.054508110062071805,1.15067946326065,54.50811006207181,1150.67946326065,21.11024326380605
100.0,64.3795624334564 + 1522.63972168118i,2.42335638253628,0.0643795624334564,1.52263972168118,64.3795624334564,1522.63972168118,23.650979660742514
