Freq [MHz],"Matrix1.Z(Winding,Winding) [mOhm]","Matrix1.L(Winding,Winding) [nH]",R_11_ohm,X_11_ohm,R_11_mOhm,X_11_mOhm,Q_1
1.0,8.93744349896177 + 20.0124303757257i,3.18507721757914,0.00893744349896177,0.020012430375725702,8.93744349896177,20.012430375725703,2.2391672045871367
25.75,26.7539531269811 + 474.093138620423i,2.93026277659773,0.0267539531269811,0.474093138620423,26.7539531269811,474.093138620423,17.720489243972875
50.5,42.5427487341083 + 918.275724154021i,2.89402219050301,0.0425427487341083,0.918275724154021,42.5427487341083,918.2757241540211,21.58477652427289
75.25,61.3008870643671 + 1359.83263172386i,2.87606757629918,0.06130088706436711,1.35983263172386,61.30088706436711,1359.83263172386,22.182919315604842
100.0,83.7637503903788 + 1799.33079951449i,2.86372391000224,0.08376375039037881,1.79933079951449,83.76375039037882,1799.33079951449,21.48102002511534
