Freq [MHz],"Matrix1.Z(Winding,Winding) [mOhm]","Matrix1.L(Winding,Winding) [nH]",R_11_ohm,X_11_ohm,R_11_mOhm,X_11_mOhm,Q_1
1.0,26.1528288601562 + 25.8299855612811i,4.11096988207017,0.0261528288601562,0.025829985561281098,26.1528288601562,25.8299855612811,0.9876555113559071
25.75,66.7478917554858 + 608.410446802406i,3.76044776844084,0.0667478917554858,0.608410446802406,66.7478917554858,608.410446802406,9.115051139460185
50.5,113.236266019095 + 1164.82454033788i,3.67104125603006,0.113236266019095,1.16482454033788,113.23626601909501,1164.82454033788,10.286673883625374
75.25,171.77697324165 + 1710.88388018288i,3.61854653272222,0.17177697324165,1.7108838801828798,171.77697324165,1710.88388018288,9.959913997180905
100.0,242.580971711953 + 2246.97572957715i,3.57617294369721,0.242580971711953,2.24697572957715,242.580971711953,2246.97572957715,9.262786416097253
