Freq [MHz],"Matrix1.Z(Winding,Winding) [mOhm]","Matrix1.L(Winding,Winding) [nH]",R_11_ohm,X_11_ohm,R_11_mOhm,X_11_mOhm,Q_1
1.0,7.79556850952068 + 20.3958525392421i,3.24610075019376,0.00779556850952068,0.0203958525392421,7.79556850952068,20.395852539242103,2.6163393361667944
25.75,40.7921924491396 + 435.189895854255i,2.689810606169,0.0407921924491396,0.435189895854255,40.7921924491396,435.189895854255,10.66846054908319
50.5,72.6355590426604 + 831.854716045045i,2.62165920777968,0.0726355590426604,0.831854716045045,72.6355590426604,831.854716045045,11.452444601637596
75.25,111.560036414523 + 1220.25526285428i,2.580859228135,0.111560036414523,1.2202552628542802,111.560036414523,1220.2552628542803,10.938103841416693
100.0,157.123015519268 + 1600.49316904131i,2.54726399237736,0.157123015519268,1.60049316904131,157.123015519268,1600.49316904131,10.186242694947778
