Freq [MHz],"Matrix1.Z(Winding,Winding) [mOhm]","Matrix1.L(Winding,Winding) [nH]",R_11_ohm,X_11_ohm,R_11_mOhm,X_11_mOhm,Q_1
1.0,21.0018415747882 + 20.8001880421167i,3.3104527441438,0.021001841574788203,0.020800188042116703,21.0018415747882,20.8001880421167,0.9903982928376349
25.75,50.2061665276933 + 481.623545138587i,2.97680652109704,0.0502061665276933,0.481623545138587,50.206166527693306,481.623545138587,9.592916138556953
50.5,74.5532786049942 + 922.612348179977i,2.90768942119731,0.07455327860499421,0.922612348179977,74.5532786049942,922.612348179977,12.37520824628325
75.25,100.286571894612 + 1358.62368371256i,2.87351063208735,0.100286571894612,1.35862368371256,100.286571894612,1358.62368371256,13.547413756851665
100.0,128.842538879509 + 1791.29857845796i,2.8509402331507,0.128842538879509,1.79129857845796,128.842538879509,1791.29857845796,13.903005901902842
