Freq [MHz],"Matrix1.Z(Winding,Winding) [mOhm]","Matrix1.L(Winding,Winding) [nH]",R_11_ohm,X_11_ohm,R_11_mOhm,X_11_mOhm,Q_1
1.0,7.30307554831349 + 17.334696368612i,2.75890261406173,0.00730307554831349,0.017334696368612002,7.30307554831349,17.334696368612,2.3736159175588876
25.75,22.7694379973463 + 402.761457219809i,2.48937773993893,0.022769437997346303,0.40276145721980905,22.7694379973463,402.7614572198091,17.688686794410536
50.5,33.5328903054123 + 779.212564346169i,2.45575309574266,0.0335328903054123,0.7792125643461689,33.5328903054123,779.212564346169,23.237262199864766
75.25,44.4496267328615 + 1153.68854013549i,2.44006955416659,0.04444962673286151,1.1536885401354902,44.4496267328615,1153.6885401354903,25.954965765383378
100.0,56.3299085912545 + 1526.95960840601i,2.43023169579482,0.0563299085912545,1.52695960840601,56.3299085912545,1526.95960840601,27.107439841347055
