Freq [MHz],"Matrix1.Z(Winding,Winding) [mOhm]","Matrix1.L(Winding,Winding) [nH]",R_11_ohm,X_11_ohm,R_11_mOhm,X_11_mOhm,Q_1
1.0,9.08753032992361 + 21.9133582419644i,3.48761928395216,0.00908753032992361,0.0219133582419644,9.08753032992361,21.9133582419644,2.4113656237061063
25.75,40.0145834927573 + 501.658504843185i,3.10063808892747,0.04001458349275731,0.5016585048431851,40.0145834927573,501.6585048431851,12.536891829299833
50.5,75.37909982583 + 964.206762988724i,3.03877767311467,0.07537909982582999,0.964206762988724,75.37909982583,964.206762988724,12.791433768997084
75.25,121.504243774515 + 1418.29452735143i,2.99971541246729,0.121504243774515,1.41829452735143,121.504243774515,1418.2945273514301,11.67279827677024
100.0,177.73601549821 + 1863.51363207297i,2.96587406063545,0.17773601549821003,1.8635136320729702,177.73601549821004,1863.5136320729703,10.48472717726553
