Freq [MHz],"Matrix1.Z(Winding,Winding) [mOhm]","Matrix1.L(Winding,Winding) [nH]",R_11_ohm,X_11_ohm,R_11_mOhm,X_11_mOhm,Q_1
1.0,8.98977457163717 + 19.9391027516394i,3.17340676374063,0.00898977457163717,0.0199391027516394,8.98977457163717,19.9391027516394,2.2179758338487674
25.75,27.561427467773 + 469.440912908641i,2.90150841860125,0.027561427467773,0.469440912908641,27.561427467773,469.440912908641,17.03253263850533
50.5,44.9224912319391 + 908.884609405865i,2.86442531261564,0.0449224912319391,0.908884609405865,44.922491231939105,908.884609405865,20.23228419619934
75.25,66.0765942579724 + 1345.41713937368i,2.84557858142031,0.06607659425797241,1.34541713937368,66.0765942579724,1345.4171393736801,20.361478288680868
100.0,91.7072227621279 + 1779.56534197166i,2.83226620729809,0.0917072227621279,1.7795653419716602,91.7072227621279,1779.5653419716602,19.404854801759004
