Freq [MHz],"Matrix1.Z(Winding,Winding) [mOhm]","Matrix1.L(Winding,Winding) [nH]",R_11_ohm,X_11_ohm,R_11_mOhm,X_11_mOhm,Q_1
1.0,26.1302461442968 + 25.1524578736262i,4.00313800149828,0.026130246144296803,0.025152457873626202,26.1302461442968,25.1524578736262,0.9625802120167164
25.75,63.3875708862021 + 595.118239251851i,3.6782916311098,0.0633875708862021,0.595118239251851,63.3875708862021,595.118239251851,9.388563576923461
50.5,104.88715677403 + 1141.0082407224i,3.59598221028825,0.10488715677403,1.1410082407224,104.88715677403,1141.0082407224,10.878436176705602
75.25,156.613830387771 + 1678.1091966184i,3.54922755733937,0.15661383038777102,1.6781091966183999,156.61383038777103,1678.1091966184,10.714948944569283
100.0,219.147486777364 + 2207.02317364861i,3.51258647604539,0.219147486777364,2.2070231736486097,219.147486777364,2207.02317364861,10.070949049444337
