Freq [MHz],"Matrix1.Z(Winding,Winding) [mOhm]","Matrix1.L(Winding,Winding) [nH]",R_11_ohm,X_11_ohm,R_11_mOhm,X_11_mOhm,Q_1
1.0,20.8265840433856 + 16.3559340660905i,2.60312775550343,0.020826584043385603,0.0163559340660905,20.8265840433856,16.3559340660905,0.7853392583257093
25.75,34.693594187869 + 397.330413412071i,2.45580968292339,0.034693594187869006,0.397330413412071,34.693594187869,397.330413412071,11.452558396241399
50.5,45.9059732862629 + 768.206389796125i,2.42106622278876,0.0459059732862629,0.768206389796125,45.9059732862629,768.206389796125,16.734344896811205
75.25,56.8833333135423 + 1136.72736248155i,2.40419639450833,0.056883333313542304,1.13672736248155,56.8833333135423,1136.72736248155,19.983487187993735
100.0,68.4228282095085 + 1503.93301594554i,2.39358373566835,0.0684228282095085,1.5039330159455402,68.4228282095085,1503.93301594554,21.979989066522442
