Freq [MHz],"Matrix1.Z(Winding,Winding) [mOhm]","Matrix1.L(Winding,Winding) [nH]",R_11_ohm,X_11_ohm,R_11_mOhm,X_11_mOhm,Q_1
1.0,21.1397573315529 + 22.9752908120347i,3.65663110170913,0.021139757331552902,0.022975290812034702,21.1397573315529,22.975290812034704,1.0868285028864597
25.75,60.6447800552266 + 516.65120318292i,3.19330457634706,0.060644780055226596,0.51665120318292,60.6447800552266,516.65120318292,8.519302118210799
50.5,95.580689178798 + 984.482931330523i,3.10267970120498,0.095580689178798,0.984482931330523,95.580689178798,984.482931330523,10.300019175305382
75.25,134.550356057901 + 1444.81702479426i,3.05581091507419,0.13455035605790103,1.4448170247942602,134.55035605790104,1444.8170247942603,10.738113722809565
100.0,178.996233643993 + 1899.32437936428i,3.02286863510772,0.178996233643993,1.89932437936428,178.996233643993,1899.32437936428,10.610973989217342
