Freq [MHz],"Matrix1.Z(Winding,Winding) [mOhm]","Matrix1.L(Winding,Winding) [nH]",R_11_ohm,X_11_ohm,R_11_mOhm,X_11_mOhm,Q_1
1.0,13.2588681204241 + 21.7444101656045i,3.46073036247362,0.013258868120424101,0.0217444101656045,13.2588681204241,21.744410165604503,1.639989927353541
25.75,41.8663593292482 + 507.001818000914i,3.13366390257953,0.0418663593292482,0.507001818000914,41.8663593292482,507.00181800091406,12.110004932927575
50.5,71.1715089077397 + 975.533179184953i,3.07447381420667,0.07117150890773971,0.9755331791849531,71.1715089077397,975.533179184953,13.706793549221302
75.25,107.778128447054 + 1438.27816186988i,3.04198111631518,0.107778128447054,1.4382781618698801,107.778128447054,1438.27816186988,13.344805505473534
100.0,152.282932510407 + 1895.56668619105i,3.0168880806763,0.152282932510407,1.89556668619105,152.282932510407,1895.5666861910502,12.44766340483696
