Freq [MHz],"Matrix1.Z(Winding,Winding) [mOhm]","Matrix1.L(Winding,Winding) [nH]",R_11_ohm,X_11_ohm,R_11_mOhm,X_11_mOhm,Q_1
1.0,7.1320422090228 + 14.5673074903027i,2.31845899462126,0.007132042209022801,0.0145673074903027,7.132042209022801,14.5673074903027,2.0425156025960542
25.75,18.0883947069626 + 346.255255979425i,2.14012565284175,0.0180883947069626,0.34625525597942497,18.0883947069626,346.255255979425,19.142398293981504
50.5,25.1115616862241 + 671.212144404606i,2.11538080485751,0.0251115616862241,0.671212144404606,25.1115616862241,671.212144404606,26.729207557522194
75.25,31.6428120215447 + 994.83112872498i,2.10408361034246,0.0316428120215447,0.99483112872498,31.642812021544703,994.83112872498,31.439403301060203
100.0,38.3212213097315 + 1317.71428783236i,2.09720742491336,0.0383212213097315,1.31771428783236,38.3212213097315,1317.71428783236,34.38602014225816
