Freq [MHz],"Matrix1.Z(Winding,Winding) [mOhm]","Matrix1.L(Winding,Winding) [nH]",R_11_ohm,X_11_ohm,R_11_mOhm,X_11_mOhm,Q_1
1.0,7.85353316478322 + 21.5784153695158i,3.43431147014857,0.00785353316478322,0.0215784153695158,7.85353316478322,21.5784153695158,2.747606066818135
25.75,39.1449743561598 + 466.125188751241i,2.88101467531661,0.0391449743561598,0.46612518875124104,39.1449743561598,466.125188751241,11.907663663544902
50.5,68.0922367252267 + 893.924196064075i,2.81727632778309,0.0680922367252267,0.893924196064075,68.0922367252267,893.924196064075,13.128136760602189
75.25,103.188353270273 + 1315.16882887263i,2.78160292512237,0.103188353270273,1.31516882887263,103.188353270273,1315.16882887263,12.745322385637007
100.0,144.769058764305 + 1730.23530869245i,2.75375502090535,0.144769058764305,1.73023530869245,144.769058764305,1730.23530869245,11.951692740569685
