Freq [MHz],"Matrix1.Z(Winding,Winding) [mOhm]","Matrix1.L(Winding,Winding) [nH]",R_11_ohm,X_11_ohm,R_11_mOhm,X_11_mOhm,Q_1
1.0,20.8833926625312 + 18.474951200807i,2.94037980698998,0.0208833926625312,0.018474951200807,20.8833926625312,18.474951200807,0.884671925647148
25.75,40.9391994286359 + 440.540498051319i,2.72288147172943,0.0409391994286359,0.440540498051319,40.9391994286359,440.540498051319,10.760847896384911
50.5,56.9164653414244 + 848.240876191485i,2.67330155204902,0.0569164653414244,0.848240876191485,56.9164653414244,848.240876191485,14.903259910873741
75.25,72.7334947698804 + 1252.63669662521i,2.64934647396951,0.07273349476988039,1.25263669662521,72.7334947698804,1252.63669662521,17.222281159297992
100.0,89.5393384338163 + 1655.11532526113i,2.63419785402458,0.0895393384338163,1.6551153252611301,89.5393384338163,1655.1153252611302,18.48478394202702
