Freq [MHz],"Matrix1.Z(Winding,Winding) [mOhm]","Matrix1.L(Winding,Winding) [nH]",R_11_ohm,X_11_ohm,R_11_mOhm,X_11_mOhm,Q_1
1.0,10.9402085938099 + 20.8670381169295i,3.32109226399632,0.010940208593809899,0.020867038116929502,10.9402085938099,20.867038116929503,1.907371138127688
25.75,38.9363791198074 + 466.319663291819i,2.88221667859577,0.0389363791198074,0.466319663291819,38.9363791198074,466.319663291819,11.976451684347728
50.5,61.6730089945144 + 895.550217947447i,2.82240087075961,0.061673008994514396,0.895550217947447,61.6730089945144,895.5502179474471,14.520942508692954
75.25,87.1199687623491 + 1320.40488203012i,2.79267726056831,0.0871199687623491,1.32040488203012,87.1199687623491,1320.40488203012,15.156167992116673
100.0,116.432469449603 + 1741.93404659808i,2.77237414056153,0.116432469449603,1.74193404659808,116.432469449603,1741.93404659808,14.960895829423803
