Freq [MHz],"Matrix1.Z(Winding,Winding) [mOhm]","Matrix1.L(Winding,Winding) [nH]",R_11_ohm,X_11_ohm,R_11_mOhm,X_11_mOhm,Q_1
1.0,11.169341947115 + 22.0908580449331i,3.51586925499247,0.011169341947115,0.0220908580449331,11.169341947115,22.0908580449331,1.9778119561143068
25.75,53.4513919253834 + 468.499627503651i,2.89569054578321,0.053451391925383396,0.46849962750365104,53.4513919253834,468.499627503651,8.76496589944118
50.5,94.7611025579371 + 889.936310753738i,2.80470817610737,0.0947611025579371,0.889936310753738,94.7611025579371,889.936310753738,9.391367203749338
75.25,144.404306852965 + 1299.98023967983i,2.74947881816389,0.144404306852965,1.2999802396798301,144.404306852965,1299.9802396798302,9.002364735585711
100.0,201.509535209614 + 1699.03278874884i,2.70409466804586,0.201509535209614,1.69903278874884,201.509535209614,1699.03278874884,8.431525520524247
