Freq [MHz],"Matrix1.Z(Winding,Winding) [mOhm]","Matrix1.L(Winding,Winding) [nH]",R_11_ohm,X_11_ohm,R_11_mOhm,X_11_mOhm,Q_1
1.0,7.19819866017874 + 15.3552596284417i,2.44386547232592,0.00719819866017874,0.015355259628441701,7.19819866017874,15.3552596284417,2.1332086475174346
25.75,20.3068733195741 + 359.792172286312i,2.22379427981116,0.0203068733195741,0.359792172286312,20.3068733195741,359.792172286312,17.71775332539761
50.5,28.8817542389263 + 696.394197683299i,2.19474413666954,0.028881754238926298,0.696394197683299,28.8817542389263,696.394197683299,24.11190788212967
75.25,37.1329939003198 + 1031.40848341812i,2.18144529545394,0.0371329939003198,1.03140848341812,37.1329939003198,1031.40848341812,27.776065840175555
100.0,45.8030255380465 + 1365.51419051559i,2.17328333282684,0.0458030255380465,1.3655141905155899,45.8030255380465,1365.51419051559,29.812750893089344
