Freq [MHz],"Matrix1.Z(Winding,Winding) [mOhm]","Matrix1.L(Winding,Winding) [nH]",R_11_ohm,X_11_ohm,R_11_mOhm,X_11_mOhm,Q_1
1.0,11.1566699610203 + 22.7565274449843i,3.62181383047564,0.0111566699610203,0.0227565274449843,11.1566699610203,22.7565274449843,2.0397239968998035
25.75,47.7878230816434 + 493.447372711984i,3.04988693292509,0.0477878230816434,0.49344737271198397,47.7878230816434,493.447372711984,10.325797261552399
50.5,81.0599442767963 + 943.336329492578i,2.9730027690477,0.0810599442767963,0.9433363294925781,81.0599442767963,943.3363294925781,11.637515148929253
75.25,120.551186199092 + 1385.83453973774i,2.93106202400987,0.120551186199092,1.38583453973774,120.551186199092,1385.83453973774,11.495818360916122
100.0,166.937576982695 + 1821.67090195415i,2.89927928732675,0.16693757698269499,1.82167090195415,166.937576982695,1821.67090195415,10.912287903537663
