Freq [MHz],"Matrix1.Z(Winding,Winding) [mOhm]","Matrix1.L(Winding,Winding) [nH]",R_11_ohm,X_11_ohm,R_11_mOhm,X_11_mOhm,Q_1
1.0,26.2039862236418 + 26.1262948595836i,4.15812897157911,0.026203986223641798,0.0261262948595836,26.2039862236418,26.1262948595836,0.9970351318537901
25.75,66.5545074586311 + 613.313620784601i,3.79075318110514,0.06655450745863109,0.6133136207846009,66.5545074586311,613.313620784601,9.21520786801441
50.5,115.105550215434 + 1175.7285490903i,3.70540614498978,0.11510555021543399,1.1757285490903,115.105550215434,1175.7285490903,10.214351496428986
75.25,177.871614106589 + 1727.52612615853i,3.65374514682422,0.177871614106589,1.72752612615853,177.871614106589,1727.52612615853,9.712208071172702
100.0,254.85854021548 + 2268.74644665432i,3.61082211607208,0.25485854021548,2.2687464466543203,254.85854021548,2268.74644665432,8.901983212868288
