Freq [MHz],"Matrix1.Z(Winding,Winding) [mOhm]","Matrix1.L(Winding,Winding) [nH]",R_11_ohm,X_11_ohm,R_11_mOhm,X_11_mOhm,Q_1
1.0,13.4441843303669 + 24.7886981327727i,3.94524384064361,0.0134441843303669,0.0247886981327727,13.4441843303669,24.7886981327727,1.8438231374722756
25.75,48.5871719018024 + 570.73405141324i,3.52757846498179,0.0485871719018024,0.57073405141324,48.5871719018024,570.73405141324,11.746599546207955
50.5,90.2742239879129 + 1097.2115803137i,3.45795339850685,0.0902742239879129,1.0972115803137001,90.2742239879129,1097.2115803137,12.154206725284165
75.25,145.17783417813 + 1614.51768444089i,3.41473050083786,0.14517783417813002,1.61451768444089,145.17783417813,1614.51768444089,11.120965494359918
100.0,212.976199580512 + 2122.30675184705i,3.37775610313762,0.212976199580512,2.12230675184705,212.976199580512,2122.30675184705,9.964994943224857
