Freq [MHz],"Matrix1.Z(Winding,Winding) [mOhm]","Matrix1.L(Winding,Winding) [nH]",R_11_ohm,X_11_ohm,R_11_mOhm,X_11_mOhm,Q_1
1.0,26.2352177579222 + 28.0760162698586i,4.46843677167647,0.026235217757922202,0.0280760162698586,26.235217757922204,28.0760162698586,1.0701651699224237
25.75,80.1421837210158 + 650.941618055872i,4.02332334671179,0.0801421837210158,0.650941618055872,80.1421837210158,650.941618055872,8.1223344290427
50.5,147.513482642081 + 1238.41650341014i,3.90297243810505,0.147513482642081,1.23841650341014,147.513482642081,1238.41650341014,8.395276697622068
75.25,233.886072499051 + 1807.53195561502i,3.82295874462048,0.23388607249905102,1.80753195561502,233.886072499051,1807.53195561502,7.728258191271111
100.0,336.895891687445 + 2357.92301342689i,3.75275103017027,0.336895891687445,2.3579230134268903,336.895891687445,2357.92301342689,6.99896636203107
