Freq [MHz],"Matrix1.Z(Winding,Winding) [mOhm]","Matrix1.L(Winding,Winding) [nH]",R_11_ohm,X_11_ohm,R_11_mOhm,X_11_mOhm,Q_1
1.0,11.3450832042641 + 24.2093990650576i,3.85304553048822,0.0113450832042641,0.0242093990650576,11.3450832042641,24.2093990650576,2.133911107497069
25.75,56.8725312425611 + 512.298857867836i,3.16640371145625,0.0568725312425611,0.512298857867836,56.8725312425611,512.298857867836,9.007843447004031
50.5,102.968262176543 + 973.687547673564i,3.06865715325293,0.10296826217654301,0.973687547673564,102.968262176543,973.687547673564,9.456190937787603
75.25,158.979280184365 + 1422.14456161425i,3.0078582959756,0.158979280184365,1.42214456161425,158.979280184365,1422.14456161425,8.94547113287353
100.0,223.659105147515 + 1858.03901017598i,2.95716092927079,0.223659105147515,1.85803901017598,223.659105147515,1858.0390101759801,8.307459734091779
