Freq [MHz],"Matrix1.Z(Winding,Winding) [mOhm]","Matrix1.L(Winding,Winding) [nH]",R_11_ohm,X_11_ohm,R_11_mOhm,X_11_mOhm,Q_1
1.0,20.9642064043518 + 20.1116570547239i,3.20086963402829,0.0209642064043518,0.0201116570547239,20.964206404351803,20.1116570547239,0.9593330969375056
25.75,47.3935882852011 + 469.617832313779i,2.90260191754714,0.0473935882852011,0.469617832313779,47.3935882852011,469.617832313779,9.90888956303019
50.5,69.0139869556154 + 900.908224111888i,2.83928707207026,0.06901398695561539,0.900908224111888,69.0139869556154,900.908224111888,13.053994760385086
75.25,91.3998816116843 + 1327.8036877785i,2.80832585203449,0.09139988161168429,1.3278036877785,91.3998816116843,1327.8036877785,14.527411462300599
100.0,115.937929639404 + 1751.9012288776i,2.78823740384637,0.11593792963940401,1.7519012288776001,115.937929639404,1751.9012288776,15.11068236535232
