Freq [MHz],"Matrix1.Z(Winding,Winding) [mOhm]","Matrix1.L(Winding,Winding) [nH]",R_11_ohm,X_11_ohm,R_11_mOhm,X_11_mOhm,Q_1
1.0,26.1505139985621 + 25.7583410194429i,4.09956729909106,0.0261505139985621,0.0257583410194429,26.1505139985621,25.7583410194429,0.9850032401221342
25.75,66.2929474863921 + 607.090942968066i,3.7522922128034,0.0662929474863921,0.607090942968066,66.2929474863921,607.090942968066,9.157700268081806
50.5,112.157225349459 + 1162.54294887124i,3.66385063107895,0.112157225349459,1.16254294887124,112.157225349459,1162.54294887124,10.36529697706941
75.25,169.848493445466 + 1707.80762980054i,3.61204021438949,0.16984849344546601,1.7078076298005402,169.848493445466,1707.8076298005403,10.054888301666765
100.0,239.599675381867 + 2243.29756317714i,3.57031896005646,0.239599675381867,2.24329756317714,239.599675381867,2243.29756317714,9.362690327530025
