Freq [MHz],"Matrix1.Z(Winding,Winding) [mOhm]","Matrix1.L(Winding,Winding) [nH]",R_11_ohm,X_11_ohm,R_11_mOhm,X_11_mOhm,Q_1
1.0,10.4753409377694 + 14.8659761144502i,2.3659935825008,0.0104753409377694,0.0148659761144502,10.4753409377694,14.8659761144502,1.4191400740810385
25.75,19.4833509083552 + 363.374877751685i,2.24593817435316,0.0194833509083552,0.36337487775168503,19.4833509083552,363.374877751685,18.650532932497565
50.5,25.576377610569 + 705.735076647532i,2.22418269231272,0.025576377610569002,0.705735076647532,25.576377610569004,705.735076647532,27.59323808059117
75.25,31.0418478425617 + 1046.84765554759i,2.21409938929649,0.031041847842561702,1.04684765554759,31.0418478425617,1046.84765554759,33.72375448964896
100.0,36.4337433614936 + 1387.32453764375i,2.20799557838681,0.0364337433614936,1.3873245376437502,36.4337433614936,1387.32453764375,38.07801256870019
