Freq [MHz],"Matrix1.Z(Winding,Winding) [mOhm]","Matrix1.L(Winding,Winding) [nH]",R_11_ohm,X_11_ohm,R_11_mOhm,X_11_mOhm,Q_1
1.0,13.1847660686688 + 20.004080957653i,3.18374836642093,0.0131847660686688,0.020004080957653,13.1847660686688,20.004080957653,1.517211670913833
25.75,35.0508254144942 + 473.356791450787i,2.92571158079659,0.0350508254144942,0.473356791450787,35.0508254144942,473.356791450787,13.504868597332512
50.5,55.0313310451858 + 913.602509525715i,2.87929416657778,0.0550313310451858,0.9136025095257151,55.0313310451858,913.602509525715,16.601497586448765
75.25,78.6692472505306 + 1350.36098207802i,2.85603488712482,0.07866924725053061,1.35036098207802,78.6692472505306,1350.36098207802,17.165042621771267
100.0,106.881257167794 + 1784.31434856626i,2.83982448604116,0.10688125716779401,1.78431434856626,106.881257167794,1784.31434856626,16.694361535858867
