Freq [MHz],"Matrix1.Z(Winding,Winding) [mOhm]","Matrix1.L(Winding,Winding) [nH]",R_11_ohm,X_11_ohm,R_11_mOhm,X_11_mOhm,Q_1
1.0,10.5510626587375 + 15.4568862420739i,2.46003985023517,0.0105510626587375,0.0154568862420739,10.5510626587375,15.456886242073901,1.46496014117344
25.75,22.1743639736205 + 371.052577082387i,2.29339230251062,0.022174363973620503,0.37105257708238704,22.1743639736205,371.052577082387,16.733403380760134
50.5,30.4591082317989 + 719.108646593731i,2.26633060842604,0.0304591082317989,0.719108646593731,30.4591082317989,719.108646593731,23.60898556586733
75.25,38.4378878009709 + 1065.52879291393i,2.25361029101651,0.0384378878009709,1.0655287929139299,38.4378878009709,1065.52879291393,27.720794608464825
100.0,46.7652360067231 + 1411.04443169603i,2.24574696226717,0.0467652360067231,1.41104443169603,46.7652360067231,1411.04443169603,30.172935115588302
