Freq [MHz],"Matrix1.Z(Winding,Winding) [mOhm]","Matrix1.L(Winding,Winding) [nH]",R_11_ohm,X_11_ohm,R_11_mOhm,X_11_mOhm,Q_1
1.0,7.48540430268506 + 18.1019445563148i,2.88101395571293,0.00748540430268506,0.018101944556314798,7.48540430268506,18.1019445563148,2.418298841897093
25.75,29.3396438158074 + 403.450749470504i,2.4936380998975,0.0293396438158074,0.40345074947050397,29.3396438158074,403.450749470504,13.751044559482201
50.5,45.8777468759603 + 776.821421757378i,2.44821721133388,0.0458777468759603,0.776821421757378,45.8777468759603,776.8214217573781,16.932423116978057
75.25,64.1459679148297 + 1147.18210101548i,2.42630833226791,0.0641459679148297,1.14718210101548,64.1459679148297,1147.18210101548,17.883931575226363
100.0,85.1185502700117 + 1515.3022716341i,2.41167846808945,0.0851185502700117,1.5153022716341,85.1185502700117,1515.3022716341,17.802256580114236
