Freq [MHz],"Matrix1.Z(Winding,Winding) [mOhm]","Matrix1.L(Winding,Winding) [nH]",R_11_ohm,X_11_ohm,R_11_mOhm,X_11_mOhm,Q_1
1.0,26.0495213340034 + 22.4013563747489i,3.56528659900443,0.0260495213340034,0.0224013563747489,26.0495213340034,22.4013563747489,0.859952706520852
25.75,51.9225660435306 + 539.445868764348i,3.33419326385817,0.0519225660435306,0.539445868764348,51.9225660435306,539.445868764348,10.389430066150618
50.5,77.7566915047138 + 1039.16230245362i,3.27500627941087,0.0777566915047138,1.03916230245362,77.7566915047138,1039.16230245362,13.364281354365797
75.25,108.11325609111 + 1534.06370502213i,3.24456905876597,0.10811325609111,1.5340637050221302,108.11325609111,1534.06370502213,14.189413588000095
100.0,144.078210918213 + 2025.23184836449i,3.22325659574344,0.144078210918213,2.02523184836449,144.078210918213,2025.23184836449,14.05647554517544
