Freq [MHz],"Matrix1.Z(Winding,Winding) [mOhm]","Matrix1.L(Winding,Winding) [nH]",R_11_ohm,X_11_ohm,R_11_mOhm,X_11_mOhm,Q_1
1.0,8.99831637655167 + 20.4548769902029i,3.25549478332746,0.008998316376551671,0.020454876990202903,8.99831637655167,20.4548769902029,2.27318935390018
25.75,32.7008457507638 + 475.322639044616i,2.9378620414538,0.0327008457507638,0.47532263904461597,32.7008457507638,475.322639044616,14.535484576374108
50.5,56.2727566884988 + 917.208220593296i,2.89065786439494,0.05627275668849881,0.917208220593296,56.27275668849881,917.208220593296,16.299329810170075
75.25,85.8759861077016 + 1354.63081073254i,2.86506564242744,0.08587598610770161,1.3546308107325402,85.8759861077016,1354.63081073254,15.774267896424806
100.0,122.038932982264 + 1787.83599504299i,2.8454293604871,0.12203893298226401,1.7878359950429898,122.03893298226401,1787.83599504299,14.649718342775229
