Freq [MHz],"Matrix1.Z(Winding,Winding) [mOhm]","Matrix1.L(Winding,Winding) [nH]",R_11_ohm,X_11_ohm,R_11_mOhm,X_11_mOhm,Q_1
1.0,10.6936698262079 + 18.2462176678686i,2.90397573457196,0.0106936698262079,0.0182462176678686,10.6936698262079,18.2462176678686,1.706263421669427
25.75,29.1454181287744 + 424.919783012802i,2.62633335471934,0.0291454181287744,0.424919783012802,29.1454181287744,424.919783012802,14.579299605013777
50.5,42.6258862680848 + 820.212607752761i,2.58496813683457,0.0426258862680848,0.820212607752761,42.6258862680848,820.212607752761,19.242124435706508
75.25,56.3675283809223 + 1212.9762784988i,2.56546406081457,0.0563675283809223,1.2129762784988,56.3675283809223,1212.9762784988002,21.519060944125666
100.0,71.3589253368481 + 1604.19536114856i,2.55315621411881,0.07135892533684811,1.6041953611485602,71.3589253368481,1604.19536114856,22.480654712441286
