Freq [MHz],"Matrix1.Z(Winding,Winding) [mOhm]","Matrix1.L(Winding,Winding) [nH]",R_11_ohm,X_11_ohm,R_11_mOhm,X_11_mOhm,Q_1
1.0,10.6404009228654 + 16.6849735586191i,2.6554960172118,0.0106404009228654,0.016684973558619098,10.6404009228654,16.6849735586191,1.5680775263612838
25.75,28.121498371959 + 388.315152653298i,2.40008838921384,0.028121498371959,0.388315152653298,28.121498371959,388.315152653298,13.808480171188233
50.5,40.3345426102597 + 748.955143026687i,2.36039432013455,0.040334542610259705,0.748955143026687,40.3345426102597,748.955143026687,18.56857905303676
75.25,52.3718252403527 + 1107.31477066498i,2.34198829647841,0.0523718252403527,1.10731477066498,52.3718252403527,1107.31477066498,21.143329749977656
100.0,65.2379854899609 + 1464.34326181755i,2.33057468501572,0.0652379854899609,1.46434326181755,65.2379854899609,1464.34326181755,22.44617535044655
