Freq [MHz],"Matrix1.Z(Winding,Winding) [mOhm]","Matrix1.L(Winding,Winding) [nH]",R_11_ohm,X_11_ohm,R_11_mOhm,X_11_mOhm,Q_1
1.0,9.04018566887153 + 20.7886420941841i,3.30861514945765,0.00904018566887153,0.0207886420941841,9.04018566887153,20.7886420941841,2.299581320079138
25.75,30.0793629136965 + 486.12239461242i,3.00461289515478,0.0300793629136965,0.48612239461242,30.0793629136965,486.12239461242,16.161326155982728
50.5,50.9030690918297 + 940.227940115048i,2.96320642183011,0.0509030690918297,0.9402279401150481,50.9030690918297,940.2279401150481,18.4709479583415
75.25,76.9573745320979 + 1390.68660277898i,2.94132421427175,0.0769573745320979,1.39068660277898,76.9573745320979,1390.68660277898,18.070868597510987
100.0,108.85982000532 + 1837.91203022665i,2.92512784578633,0.10885982000532,1.8379120302266498,108.85982000532,1837.91203022665,16.883291099845938
