Freq [MHz],"Matrix1.Z(Winding,Winding) [mOhm]","Matrix1.L(Winding,Winding) [nH]",R_11_ohm,X_11_ohm,R_11_mOhm,X_11_mOhm,Q_1
1.0,21.2004212971972 + 23.0020913736114i,3.66089654356169,0.021200421297197198,0.0230020913736114,21.2004212971972,23.0020913736114,1.0849827487462427
25.75,60.0729300194923 + 515.900230549019i,3.18866298384951,0.0600729300194923,0.515900230549019,60.0729300194923,515.900230549019,8.587898582300232
50.5,96.1495251809794 + 984.016985772326i,3.10121123509016,0.0961495251809794,0.9840169857723261,96.1495251809794,984.016985772326,10.234236559360435
75.25,137.584646221489 + 1444.4544232739i,3.05504400710956,0.137584646221489,1.4444544232739,137.584646221489,1444.4544232739001,10.49866000998805
100.0,185.625651419367 + 1898.72178138785i,3.02190957064125,0.185625651419367,1.8987217813878499,185.625651419367,1898.72178138785,10.228768313374115
