Freq [MHz],"Matrix1.Z(Winding,Winding) [mOhm]","Matrix1.L(Winding,Winding) [nH]",R_11_ohm,X_11_ohm,R_11_mOhm,X_11_mOhm,Q_1
1.0,13.2404756689505 + 21.9645859094428i,3.49577242045441,0.0132404756689505,0.0219645859094428,13.2404756689505,21.9645859094428,1.6588970410595385
25.75,36.9464404958568 + 519.002758176914i,3.20783900746344,0.0369464404958568,0.519002758176914,36.9464404958568,519.002758176914,14.047435996848339
50.5,60.061828700455 + 1002.30684467982i,3.15885324407197,0.060061828700455004,1.00230684467982,60.061828700455,1002.30684467982,16.687917540416596
75.25,88.3380272112184 + 1481.48998560944i,3.13337480864961,0.0883380272112184,1.4814899856094401,88.3380272112184,1481.48998560944,16.770693577604593
100.0,122.585289577278 + 1957.13792442235i,3.1148817498443,0.122585289577278,1.95713792442235,122.585289577278,1957.13792442235,15.965520260802307
