Freq [MHz],"Matrix1.Z(Winding,Winding) [mOhm]","Matrix1.L(Winding,Winding) [nH]",R_11_ohm,X_11_ohm,R_11_mOhm,X_11_mOhm,Q_1
1.0,10.8959875150268 + 19.6203375284185i,3.12267370277922,0.0108959875150268,0.019620337528418498,10.8959875150268,19.6203375284185,1.8006938335198928
25.75,35.0092066754524 + 443.473266617843i,2.74100825286756,0.035009206675452396,0.44347326661784303,35.0092066754524,443.473266617843,12.667332645637916
50.5,54.5867132132829 + 853.232386175401i,2.689032710216,0.0545867132132829,0.853232386175401,54.5867132132829,853.232386175401,15.63077049247543
75.25,76.2612980218005 + 1259.28485773063i,2.66340744011434,0.0762612980218005,1.25928485773063,76.2612980218005,1259.28485773063,16.512764539762273
100.0,101.085018596174 + 1662.67795753315i,2.64623415711337,0.101085018596174,1.66267795753315,101.085018596174,1662.67795753315,16.448312327817895
