Freq [MHz],"Matrix1.Z(Winding,Winding) [mOhm]","Matrix1.L(Winding,Winding) [nH]",R_11_ohm,X_11_ohm,R_11_mOhm,X_11_mOhm,Q_1
1.0,11.6358280125783 + 25.3242268804249i,4.03047588800027,0.0116358280125783,0.025324226880424898,11.635828012578301,25.3242268804249,2.1764009276391394
25.75,63.3565149060005 + 524.498175066198i,3.24180493997917,0.0633565149060005,0.524498175066198,63.3565149060005,524.498175066198,8.278519988739513
50.5,119.712004412774 + 993.032932753225i,3.12962574060827,0.11971200441277399,0.9930329327532251,119.712004412774,993.0329327532252,8.295182572745082
75.25,189.173824228242 + 1444.46157969274i,3.05505914304887,0.18917382422824203,1.44446157969274,189.17382422824204,1444.46157969274,7.6356313331699
100.0,268.998849782906 + 1879.10954889367i,2.99069573317609,0.268998849782906,1.8791095488936702,268.998849782906,1879.1095488936703,6.985567226068792
