Freq [MHz],"Matrix1.Z(Winding,Winding) [mOhm]","Matrix1.L(Winding,Winding) [nH]",R_11_ohm,X_11_ohm,R_11_mOhm,X_11_mOhm,Q_1
1.0,21.4790770364844 + 26.3157797960468i,4.18828643585868,0.0214790770364844,0.026315779796046802,21.4790770364844,26.3157797960468,1.225182057466751
25.75,78.0111217741332 + 565.828029748309i,3.49725545143267,0.0780111217741332,0.5658280297483089,78.0111217741332,565.828029748309,7.253171302760643
50.5,136.080731228028 + 1069.76183257527i,3.37144323931483,0.136080731228028,1.06976183257527,136.080731228028,1069.76183257527,7.8612293079369895
75.25,205.894205482851 + 1558.74516739942i,3.29677074301955,0.205894205482851,1.5587451673994202,205.894205482851,1558.74516739942,7.570612119675454
100.0,287.15406533446 + 2033.83607981446i,3.23695065541114,0.28715406533446,2.03383607981446,287.15406533446,2033.83607981446,7.082734759285294
