Freq [MHz],"Matrix1.Z(Winding,Winding) [mOhm]","Matrix1.L(Winding,Winding) [nH]",R_11_ohm,X_11_ohm,R_11_mOhm,X_11_mOhm,Q_1
1.0,13.1551325983447 + 19.8789635235827i,3.16383530832168,0.0131551325983447,0.0198789635235827,13.1551325983447,19.8789635235827,1.5111184455931714
25.75,30.5926213635447 + 477.140559337732i,2.94909819682454,0.0305926213635447,0.477140559337732,30.5926213635447,477.140559337732,15.596589571964902
50.5,45.7983071949623 + 923.871018006877i,2.91165622366606,0.0457983071949623,0.923871018006877,45.7983071949623,923.871018006877,20.17260188403864
75.25,63.2174924000208 + 1368.05558813313i,2.8934592594801,0.06321749240002081,1.36805558813313,63.21749240002081,1368.05558813313,21.640459565787516
100.0,83.686703844056 + 1810.42793810282i,2.88138555460732,0.08368670384405599,1.81042793810282,83.686703844056,1810.42793810282,21.63339998999625
