Freq [MHz],"Matrix1.Z(Winding,Winding) [mOhm]","Matrix1.L(Winding,Winding) [nH]",R_11_ohm,X_11_ohm,R_11_mOhm,X_11_mOhm,Q_1
1.0,13.3323914285296 + 23.2626925710007i,3.70237251230188,0.013332391428529601,0.0232626925710007,13.3323914285296,23.2626925710007,1.744825202268029
25.75,49.7471447635558 + 535.02184042913i,3.30684934238522,0.0497471447635558,0.5350218404291299,49.7471447635558,535.02184042913,10.754825085380194
50.5,91.3283842487154 + 1025.29879675863i,3.23131429010512,0.0913283842487154,1.02529879675863,91.3283842487154,1025.29879675863,11.226507565998592
75.25,144.891743966932 + 1505.60215447264i,3.18437242809471,0.14489174396693202,1.5056021544726401,144.891743966932,1505.6021544726402,10.391221150711367
100.0,209.82841819708 + 1975.64338360512i,3.14433410287553,0.20982841819708,1.9756433836051202,209.82841819708,1975.64338360512,9.415518644140517
