Freq [MHz],"Matrix1.Z(Winding,Winding) [mOhm]","Matrix1.L(Winding,Winding) [nH]",R_11_ohm,X_11_ohm,R_11_mOhm,X_11_mOhm,Q_1
1.0,9.18074808084252 + 23.972534433599i,3.81534735354795,0.00918074808084252,0.023972534433599,9.18074808084252,23.972534433599,2.6111744078483676
25.75,42.909395664583 + 548.027063486594i,3.38723169328262,0.042909395664583,0.548027063486594,42.909395664583,548.027063486594,12.771726448222394
50.5,83.3524486840668 + 1053.47659182045i,3.32011895088766,0.0833524486840668,1.05347659182045,83.3524486840668,1053.47659182045,12.638819956129579
75.25,136.707737633451 + 1548.85467565253i,3.27585219616073,0.13670773763345098,1.54885467565253,136.707737633451,1548.8546756525302,11.329678205965287
100.0,201.826989335787 + 2033.54262453548i,3.23648360682888,0.20182698933578702,2.03354262453548,201.82698933578703,2033.54262453548,10.07567239261643
