Freq [MHz],"Matrix1.Z(Winding,Winding) [mOhm]","Matrix1.L(Winding,Winding) [nH]",R_11_ohm,X_11_ohm,R_11_mOhm,X_11_mOhm,Q_1
1.0,7.9666366126551 + 21.380107558054i,3.40274980170068,0.007966636612655101,0.021380107558054,7.966636612655101,21.380107558054,2.683705633578345
25.75,39.5389176025604 + 458.091797982596i,2.83136209859356,0.039538917602560404,0.458091797982596,39.5389176025604,458.091797982596,11.585845687210506
50.5,69.0854555910039 + 878.034275205962i,2.76719792283442,0.0690854555910039,0.878034275205962,69.0854555910039,878.034275205962,12.709394006229829
75.25,105.018769954433 + 1291.47798187185i,2.73149640809635,0.105018769954433,1.29147798187185,105.018769954433,1291.47798187185,12.297591967914062
100.0,147.775890825491 + 1698.89177528797i,2.70387023815245,0.147775890825491,1.69889177528797,147.775890825491,1698.89177528797,11.496406929423937
