Freq [MHz],"Matrix1.Z(Winding,Winding) [mOhm]","Matrix1.L(Winding,Winding) [nH]",R_11_ohm,X_11_ohm,R_11_mOhm,X_11_mOhm,Q_1
1.0,11.0584039445848 + 21.0742611718434i,3.35407283750847,0.0110584039445848,0.0210742611718434,11.0584039445848,21.0742611718434,1.9057235815809817
25.75,40.6824370473642 + 465.74463463923i,2.87866255616941,0.040682437047364205,0.46574463463923005,40.6824370473642,465.74463463923007,11.448297310630396
50.5,66.2053323444375 + 893.557027053462i,2.81611916415954,0.0662053323444375,0.893557027053462,66.2053323444375,893.557027053462,13.496753137718184
75.25,95.642229172644 + 1316.3478306893i,2.78409653265775,0.09564222917264399,1.3163478306893002,95.642229172644,1316.3478306893003,13.763249163851649
100.0,130.037297961447 + 1735.12307886303i,2.7615341487388,0.130037297961447,1.73512307886303,130.037297961447,1735.12307886303,13.343272323125733
