Freq [MHz],"Matrix1.Z(Winding,Winding) [mOhm]","Matrix1.L(Winding,Winding) [nH]",R_11_ohm,X_11_ohm,R_11_mOhm,X_11_mOhm,Q_1
1.0,7.07807541776846 + 13.8987599495601i,2.21205634882014,0.00707807541776846,0.0138987599495601,7.07807541776846,13.8987599495601,1.963635469985149
25.75,15.2705550362591 + 336.751808307748i,2.08138698591505,0.015270555036259102,0.336751808307748,15.270555036259102,336.751808307748,22.052362046313913
50.5,20.6905246617704 + 654.440236942206i,2.06252274589274,0.0206905246617704,0.654440236942206,20.6905246617704,654.440236942206,31.629948860185564
75.25,25.6879534325607 + 971.03046288698i,2.05374482473454,0.025687953432560702,0.97103046288698,25.6879534325607,971.03046288698,37.80100526249603
100.0,30.7212272279725 + 1287.02201337721i,2.04835915297067,0.0307212272279725,1.2870220133772101,30.7212272279725,1287.0220133772102,41.893574232130355
