Freq [MHz],"Matrix1.Z(Winding,Winding) [mOhm]","Matrix1.L(Winding,Winding) [nH]",R_11_ohm,X_11_ohm,R_11_mOhm,X_11_mOhm,Q_1
1.0,7.17615060710845 + 15.177625221891i,2.41559407846018,0.00717615060710845,0.015177625221891,7.17615060710845,15.177625221891,2.115009292984537
25.75,18.2787722878711 + 360.606338265348i,2.2288264561242,0.0182787722878711,0.360606338265348,18.2787722878711,360.606338265348,19.72814872827256
50.5,25.8461187266029 + 699.309760418306i,2.20393277471252,0.0258461187266029,0.6993097604183061,25.8461187266029,699.309760418306,27.05666439961526
75.25,33.1702006748424 + 1036.54833380881i,2.1923161605228,0.0331702006748424,1.03654833380881,33.1702006748424,1036.54833380881,31.249383866253467
100.0,40.8502596538808 + 1372.95411651224i,2.18512434281289,0.0408502596538808,1.37295411651224,40.8502596538808,1372.95411651224,33.609434264190995
