Freq [MHz],"Matrix1.Z(Winding,Winding) [mOhm]","Matrix1.L(Winding,Winding) [nH]",R_11_ohm,X_11_ohm,R_11_mOhm,X_11_mOhm,Q_1
1.0,9.16009968169659 + 23.0119705519316i,3.66246886362505,0.00916009968169659,0.0230119705519316,9.16009968169659,23.0119705519316,2.51219652095199
25.75,47.5855739752946 + 520.773119908622i,3.21878121409109,0.0475855739752946,0.520773119908622,47.5855739752946,520.773119908622,10.943928514532494
50.5,96.3862843809931 + 995.409074200916i,3.13711434767531,0.0963862843809931,0.9954090742009161,96.3862843809931,995.409074200916,10.327289620028198
75.25,159.787561875639 + 1454.90996024919i,3.07715763358527,0.159787561875639,1.45490996024919,159.787561875639,1454.90996024919,9.105276675925072
100.0,234.314380043351 + 1898.74861649354i,3.02195228003844,0.234314380043351,1.89874861649354,234.314380043351,1898.74861649354,8.103423341504898
