Freq [MHz],"Matrix1.Z(Winding,Winding) [mOhm]","Matrix1.L(Winding,Winding) [nH]",R_11_ohm,X_11_ohm,R_11_mOhm,X_11_mOhm,Q_1
1.0,10.8848545399163 + 19.5138550729959i,3.10572649364616,0.0108848545399163,0.019513855072995898,10.8848545399163,19.5138550729959,1.7927529487358635
25.75,38.9732368187701 + 433.002224368184i,2.67628910205757,0.038973236818770095,0.433002224368184,38.9732368187701,433.002224368184,11.110245381508667
50.5,61.2694356847704 + 830.099132890615i,2.61612634169975,0.061269435684770404,0.830099132890615,61.26943568477041,830.099132890615,13.548339781705394
75.25,86.021279820924 + 1222.91343650342i,2.58648130754838,0.086021279820924,1.22291343650342,86.02127982092401,1222.91343650342,14.216405975931037
100.0,114.429511860846 + 1612.45028208697i,2.56629432884062,0.114429511860846,1.61245028208697,114.429511860846,1612.45028208697,14.091210002257268
