Freq [MHz],"Matrix1.Z(Winding,Winding) [mOhm]","Matrix1.L(Winding,Winding) [nH]",R_11_ohm,X_11_ohm,R_11_mOhm,X_11_mOhm,Q_1
1.0,7.32824462655228 + 16.7102207274599i,2.65951422893188,0.00732824462655228,0.016710220727459903,7.32824462655228,16.7102207274599,2.280248760653281
25.75,24.4363790224856 + 382.09216566749i,2.36162551000654,0.0244363790224856,0.38209216566749,24.4363790224856,382.09216566749,15.63620229150565
50.5,36.2998651949715 + 737.699033810335i,2.32491975732733,0.036299865194971505,0.737699033810335,36.2998651949715,737.699033810335,20.32236290267342
75.25,48.5029028411312 + 1091.18008276917i,2.30786317576263,0.04850290284113121,1.09118008276917,48.50290284113121,1091.18008276917,22.497211895611173
100.0,61.9421836633915 + 1443.30863877793i,2.29709704268742,0.061942183663391506,1.44330863877793,61.9421836633915,1443.30863877793,23.300900184940378
