Freq [MHz],"Matrix1.Z(Winding,Winding) [mOhm]","Matrix1.L(Winding,Winding) [nH]",R_11_ohm,X_11_ohm,R_11_mOhm,X_11_mOhm,Q_1
1.0,26.035135272937 + 21.2322648072079i,3.37921989710322,0.026035135272937,0.021232264807207902,26.035135272937,21.2322648072079,0.8155235063932399
25.75,53.4059139237366 + 509.42943815592i,3.14866847530259,0.0534059139237366,0.50942943815592,53.4059139237366,509.42943815592,9.538820717184672
50.5,80.2795138224693 + 978.647631373208i,3.08428926887566,0.0802795138224693,0.978647631373208,80.2795138224693,978.647631373208,12.19050271701192
75.25,111.417323152766 + 1442.72664591674i,3.05138973060517,0.111417323152766,1.44272664591674,111.417323152766,1442.7266459167402,12.948853958182026
100.0,147.976928680565 + 1902.79638921192i,3.02839451040487,0.147976928680565,1.9027963892119202,147.976928680565,1902.79638921192,12.858736873228736
