Freq [MHz],"Matrix1.Z(Winding,Winding) [mOhm]","Matrix1.L(Winding,Winding) [nH]",R_11_ohm,X_11_ohm,R_11_mOhm,X_11_mOhm,Q_1
1.0,7.38508853526589 + 18.0828781221418i,2.87797943846716,0.00738508853526589,0.0180828781221418,7.38508853526589,18.0828781221418,2.4485661933219802
25.75,25.1289425725849 + 414.736819071627i,2.56339475096926,0.0251289425725849,0.414736819071627,25.1289425725849,414.736819071627,16.504348238039086
50.5,37.8843873921019 + 801.322941628767i,2.52543578560706,0.0378843873921019,0.801322941628767,37.8843873921019,801.322941628767,21.151798848826736
75.25,51.2494385933717 + 1185.59251018624i,2.5075469566627,0.0512494385933717,1.18559251018624,51.2494385933717,1185.59251018624,23.13376580752589
100.0,66.109154671017 + 1568.361718899i,2.49612520118877,0.066109154671017,1.568361718899,66.109154671017,1568.361718899,23.72382050116559
