Freq [MHz],"Matrix1.Z(Winding,Winding) [mOhm]","Matrix1.L(Winding,Winding) [nH]",R_11_ohm,X_11_ohm,R_11_mOhm,X_11_mOhm,Q_1
1.0,21.0276574089773 + 20.3905644913894i,3.2452591312387,0.0210276574089773,0.0203905644913894,21.0276574089773,20.3905644913894,0.9697021448848645
25.75,55.6447460478435 + 462.515452476087i,2.8587037094351,0.0556447460478435,0.462515452476087,55.644746047843505,462.515452476087,8.311933925952594
50.5,84.3321280039463 + 881.163175580527i,2.77705891216223,0.0843321280039463,0.881163175580527,84.3321280039463,881.1631755805271,10.448724542315514
75.25,114.844801429405 + 1293.85911732855i,2.73653254734027,0.114844801429405,1.2938591173285499,114.844801429405,1293.85911732855,11.266153114678717
100.0,148.823171363736 + 1702.35710386293i,2.70938547987389,0.14882317136373602,1.70235710386293,148.823171363736,1702.35710386293,11.438790668572905
