Freq [MHz],"Matrix1.Z(Winding,Winding) [mOhm]","Matrix1.L(Winding,Winding) [nH]",R_11_ohm,X_11_ohm,R_11_mOhm,X_11_mOhm,Q_1
1.0,13.420699332732 + 24.3844384919667i,3.88090392051679,0.013420699332732,0.0243844384919667,13.420699332732,24.3844384919667,1.8169275599889962
25.75,46.7436533528782 + 563.174678256036i,3.48085568421887,0.0467436533528782,0.5631746782560361,46.743653352878205,563.174678256036,12.048152804927453
50.5,85.4759267296187 + 1083.5470312395i,3.41488843751118,0.0854759267296187,1.0835470312395001,85.4759267296187,1083.5470312395,12.676633909650665
75.25,136.232560900833 + 1595.71108015501i,3.37495423459372,0.136232560900833,1.59571108015501,136.232560900833,1595.71108015501,11.713140159763768
100.0,198.960225808013 + 2099.4858371197i,3.34143548929026,0.198960225808013,2.0994858371197003,198.960225808013,2099.4858371197,10.55228917535308
