Freq [MHz],"Matrix1.Z(Winding,Winding) [mOhm]","Matrix1.L(Winding,Winding) [nH]",R_11_ohm,X_11_ohm,R_11_mOhm,X_11_mOhm,Q_1
1.0,10.7464827971395 + 18.0157165818424i,2.86729034734284,0.0107464827971395,0.0180157165818424,10.7464827971395,18.0157165818424,1.6764291091256227
25.75,32.8271763570847 + 410.124769964233i,2.53488871550424,0.0328271763570847,0.410124769964233,32.8271763570847,410.12476996423305,12.493452543801277
50.5,49.0458980202197 + 788.870879571499i,2.48619207811991,0.049045898020219705,0.788870879571499,49.0458980202197,788.870879571499,16.084339596479168
75.25,65.9545220420383 + 1164.61722596023i,2.46318389796068,0.0659545220420383,1.1646172259602299,65.9545220420383,1164.61722596023,17.65788288508743
100.0,84.7079360861199 + 1538.39921516569i,2.44843839542312,0.0847079360861199,1.53839921516569,84.7079360861199,1538.39921516569,18.161217074178833
