Freq [MHz],"Matrix1.Z(Winding,Winding) [mOhm]","Matrix1.L(Winding,Winding) [nH]",R_11_ohm,X_11_ohm,R_11_mOhm,X_11_mOhm,Q_1
1.0,20.9600337017713 + 20.0414161806831i,3.18969045171761,0.020960033701771304,0.0200414161806831,20.960033701771305,20.0414161806831,0.9561728986623446
25.75,47.0549259329791 + 468.513408452712i,2.89577572272161,0.0470549259329791,0.468513408452712,47.0549259329791,468.513408452712,9.956734585450656
50.5,68.4038362182793 + 898.971159618185i,2.83318225248094,0.06840383621827929,0.898971159618185,68.4038362182793,898.971159618185,13.142116134386574
75.25,90.4832496717583 + 1325.08397558622i,2.80257361762667,0.0904832496717583,1.32508397558622,90.4832496717583,1325.08397558622,14.64452238832229
100.0,114.664919068549 + 1748.43742000878i,2.78272458081237,0.114664919068549,1.74843742000878,114.664919068549,1748.43742000878,15.24823314935171
