Freq [MHz],"Matrix1.Z(Winding,Winding) [mOhm]","Matrix1.L(Winding,Winding) [nH]",R_11_ohm,X_11_ohm,R_11_mOhm,X_11_mOhm,Q_1
1.0,26.017909016383 + 20.5261012692625i,3.26683047940796,0.026017909016383,0.020526101269262503,26.017909016383,20.5261012692625,0.7889220173818577
25.75,50.7580328947384 + 494.762911450257i,3.05801798119791,0.0507580328947384,0.49476291145025697,50.758032894738406,494.762911450257,9.747480019099484
50.5,74.3114611795537 + 951.589720170701i,2.9990140150614,0.0743114611795537,0.951589720170701,74.3114611795537,951.589720170701,12.805423350126837
75.25,101.004378040392 + 1404.01497936538i,2.96951394207397,0.101004378040392,1.40401497936538,101.004378040392,1404.01497936538,13.900535863939576
100.0,132.024398820178 + 1853.22191681123i,2.94949428706744,0.132024398820178,1.85322191681123,132.024398820178,1853.2219168112301,14.036965389521564
