Freq [MHz],"Matrix1.Z(Winding,Winding) [mOhm]","Matrix1.L(Winding,Winding) [nH]",R_11_ohm,X_11_ohm,R_11_mOhm,X_11_mOhm,Q_1
1.0,7.6264193397552 + 20.0156902875068i,3.18559604865315,0.0076264193397552,0.0200156902875068,7.6264193397552,20.0156902875068,2.6245200264780197
25.75,32.0238464233139 + 444.136781240838i,2.74510928712245,0.0320238464233139,0.444136781240838,32.0238464233139,444.136781240838,13.868939270127743
50.5,51.7456254863975 + 855.073519018413i,2.69483519324282,0.0517456254863975,0.855073519018413,51.7456254863975,855.073519018413,16.524556636061696
75.25,74.2546956656848 + 1262.27078414016i,2.66972272181248,0.07425469566568481,1.2622707841401601,74.2546956656848,1262.2707841401602,16.999204869457046
100.0,100.477089196339 + 1666.5022675973i,2.65232073561963,0.10047708919633899,1.6665022675973,100.477089196339,1666.5022675973,16.58589317153528
