Freq [MHz],"Matrix1.Z(Winding,Winding) [mOhm]","Matrix1.L(Winding,Winding) [nH]",R_11_ohm,X_11_ohm,R_11_mOhm,X_11_mOhm,Q_1
1.0,10.547592363041 + 16.189620674676i,2.57665815715743,0.010547592363041,0.016189620674676,10.547592363041,16.189620674676,1.5349114866635152
25.75,22.9121394265112 + 388.61157780121i,2.40192052620595,0.0229121394265112,0.38861157780121,22.9121394265112,388.61157780121,16.960946796245267
50.5,31.4587707441844 + 752.94387354919i,2.37296513556659,0.0314587707441844,0.75294387354919,31.4587707441844,752.94387354919,23.934306895585944
75.25,39.5172725927606 + 1115.60079537126i,2.35951337010746,0.0395172725927606,1.11560079537126,39.5172725927606,1115.60079537126,28.230713360912297
100.0,47.8159378202363 + 1477.35635878604i,2.35128567209042,0.0478159378202363,1.4773563587860399,47.8159378202363,1477.35635878604,30.896734982803252
