Freq [MHz],"Matrix1.Z(Winding,Winding) [mOhm]","Matrix1.L(Winding,Winding) [nH]",R_11_ohm,X_11_ohm,R_11_mOhm,X_11_mOhm,Q_1
1.0,26.0947186320584 + 23.4206451920607i,3.72751145271789,0.026094718632058398,0.0234206451920607,26.0947186320584,23.4206451920607,0.8975243428487291
25.75,63.4761463615856 + 553.387143359446i,3.42036113821978,0.0634761463615856,0.5533871433594459,63.476146361585606,553.387143359446,8.718033073512855
50.5,103.866723199892 + 1058.16297496648i,3.3348884764899,0.103866723199892,1.05816297496648,103.866723199892,1058.16297496648,10.187699605484235
75.25,153.236784117215 + 1554.24498344226i,3.28725278259957,0.153236784117215,1.55424498344226,153.236784117215,1554.24498344226,10.1427669106745
100.0,212.250617371785 + 2042.35930518614i,3.25051578990104,0.21225061737178502,2.04235930518614,212.250617371785,2042.35930518614,9.62239512174741
