Freq [MHz],"Matrix1.Z(Winding,Winding) [mOhm]","Matrix1.L(Winding,Winding) [nH]",R_11_ohm,X_11_ohm,R_11_mOhm,X_11_mOhm,Q_1
1.0,10.7062133370542 + 17.5260936449186i,2.78936443668026,0.0107062133370542,0.0175260936449186,10.7062133370542,17.5260936449186,1.6370020933788791
25.75,31.0814297805364 + 402.096376273668i,2.4852670245939,0.0310814297805364,0.402096376273668,31.0814297805364,402.096376273668,12.936868706260935
50.5,45.7039210031979 + 774.171666535823i,2.43986628773993,0.0457039210031979,0.774171666535823,45.703921003197905,774.1716665358231,16.93884571701527
75.25,60.6146435151654 + 1143.55158071231i,2.41862972426466,0.0606146435151654,1.14355158071231,60.6146435151654,1143.55158071231,18.86592932656942
100.0,76.9288072674983 + 1511.25362302866i,2.40523484370547,0.0769288072674983,1.5112536230286602,76.9288072674983,1511.2536230286603,19.64483366775336
