Freq [MHz],"Matrix1.Z(Winding,Winding) [mOhm]","Matrix1.L(Winding,Winding) [nH]",R_11_ohm,X_11_ohm,R_11_mOhm,X_11_mOhm,Q_1
1.0,21.0710274153776 + 21.1151036796799i,3.36057312451893,0.0210710274153776,0.021115103679679902,21.0710274153776,21.1151036796799,1.0020917947394505
25.75,59.3350601974462 + 474.117464940251i,2.93041313209473,0.0593350601974462,0.47411746494025103,59.335060197446204,474.117464940251,7.990511231682499
50.5,91.8977398180383 + 901.492494966454i,2.84112845018132,0.09189773981803831,0.9014924949664541,91.8977398180383,901.4924949664542,9.809735220381373
75.25,127.303673378059 + 1321.91520711831i,2.79587162207609,0.127303673378059,1.32191520711831,127.303673378059,1321.91520711831,10.383951790554885
100.0,167.137649491899 + 1737.11559558064i,2.7647053375868,0.167137649491899,1.73711559558064,167.137649491899,1737.11559558064,10.393323113382879
