Freq [MHz],"Matrix1.Z(Winding,Winding) [mOhm]","Matrix1.L(Winding,Winding) [nH]",R_11_ohm,X_11_ohm,R_11_mOhm,X_11_mOhm,Q_1
1.0,7.66972818605325 + 19.4874248158258i,3.10151998757034,0.007669728186053251,0.019487424815825802,7.669728186053251,19.487424815825804,2.540823395966239
25.75,35.5458449479273 + 422.938809256764i,2.61408940266463,0.0355458449479273,0.42293880925676397,35.5458449479273,422.938809256764,11.898403593341106
50.5,59.6764499256215 + 811.461223234487i,2.55738742188445,0.059676449925621496,0.811461223234487,59.6764499256215,811.461223234487,13.597679222639115
75.25,88.325673000254 + 1194.92964216231i,2.5272951388327,0.088325673000254,1.1949296421623101,88.325673000254,1194.92964216231,13.528678600149176
100.0,122.155110528063 + 1573.82279821064i,2.50481677885941,0.12215511052806301,1.57382279821064,122.155110528063,1573.82279821064,12.883806427804604
