Freq [MHz],"Matrix1.Z(Winding,Winding) [mOhm]","Matrix1.L(Winding,Winding) [nH]",R_11_ohm,X_11_ohm,R_11_mOhm,X_11_mOhm,Q_1
1.0,7.99066932918121 + 21.5264811352725i,3.42604588005306,0.00799066932918121,0.0215264811352725,7.990669329181211,21.5264811352725,2.693952189544337
25.75,40.2105928827682 + 460.225336362119i,2.84454901818102,0.0402105928827682,0.460225336362119,40.2105928827682,460.225336362119,11.445375543302257
50.5,70.7293689835642 + 881.792983067005i,2.77904380274974,0.0707293689835642,0.881792983067005,70.7293689835642,881.792983067005,12.467140534958151
75.25,107.99027625359 + 1296.51491203003i,2.74214959524163,0.10799027625358999,1.29651491203003,107.99027625359,1296.51491203003,12.005848646830637
100.0,152.329645861271 + 1704.81351379553i,2.71329497770422,0.15232964586127098,1.70481351379553,152.329645861271,1704.81351379553,11.191606887526875
