Freq [MHz],"Matrix1.Z(Winding,Winding) [mOhm]","Matrix1.L(Winding,Winding) [nH]",R_11_ohm,X_11_ohm,R_11_mOhm,X_11_mOhm,Q_1
1.0,7.54585723903781 + 18.5793096549349i,2.95698897081786,0.00754585723903781,0.0185793096549349,7.54585723903781,18.5793096549349,2.4621867425236355
25.75,28.2147311301273 + 417.57980457932i,2.58096660326782,0.0282147311301273,0.41757980457932004,28.2147311301273,417.57980457932,14.800063224186959
50.5,44.3533496199865 + 805.172068016699i,2.53756662701745,0.04435334961998651,0.8051720680166989,44.35334961998651,805.172068016699,18.153579716420612
75.25,62.187872988304 + 1189.77693827055i,2.5163970884053,0.062187872988304,1.18977693827055,62.187872988304,1189.77693827055,19.131976719871375
100.0,82.6148035110571 + 1572.24189483338i,2.50230069298901,0.0826148035110571,1.57224189483338,82.6148035110571,1572.24189483338,19.030994785613117
