Freq [MHz],"Matrix1.Z(Winding,Winding) [mOhm]","Matrix1.L(Winding,Winding) [nH]",R_11_ohm,X_11_ohm,R_11_mOhm,X_11_mOhm,Q_1
1.0,8.01052727188558 + 21.6392157636414i,3.4439881534156,0.00801052727188558,0.0216392157636414,8.01052727188558,21.6392157636414,2.7013472433441694
25.75,40.882171517643 + 461.505840871129i,2.85246352778337,0.040882171517643,0.461505840871129,40.882171517643,461.505840871129,11.28868217462379
50.5,72.3055791482998 + 883.874355808834i,2.78560342176516,0.0723055791482998,0.883874355808834,72.3055791482998,883.874355808834,12.22415152772644
75.25,110.789637837628 + 1299.08040091109i,2.747575644901,0.110789637837628,1.2990804009110901,110.789637837628,1299.08040091109,11.725648952973446
100.0,156.592037931106 + 1707.49878043533i,2.71756871229666,0.15659203793110602,1.70749878043533,156.592037931106,1707.49878043533,10.904122604155383
