Freq [MHz],"Matrix1.Z(Winding,Winding) [mOhm]","Matrix1.L(Winding,Winding) [nH]",R_11_ohm,X_11_ohm,R_11_mOhm,X_11_mOhm,Q_1
1.0,26.1540602168719 + 25.2465964661593i,4.01812062383562,0.026154060216871902,0.025246596466159302,26.1540602168719,25.246596466159303,0.9653031405759631
25.75,74.5098454324812 + 588.253455196447i,3.63586194894762,0.0745098454324812,0.588253455196447,74.5098454324812,588.253455196447,7.894976184449428
50.5,131.459412981897 + 1118.49710412296i,3.52503649416117,0.131459412981897,1.11849710412296,131.459412981897,1118.49710412296,8.50830745970991
75.25,202.871924765058 + 1634.04381163873i,3.45602856944885,0.202871924765058,1.63404381163873,202.871924765058,1634.04381163873,8.054558626242068
100.0,287.653119583949 + 2135.02680079356i,3.39800068979971,0.28765311958394896,2.13502680079356,287.653119583949,2135.02680079356,7.422227173762571
