Freq [MHz],"Matrix1.Z(Winding,Winding) [mOhm]","Matrix1.L(Winding,Winding) [nH]",R_11_ohm,X_11_ohm,R_11_mOhm,X_11_mOhm,Q_1
1.0,13.0223135409885 + 15.7429281112001i,2.50556482763786,0.013022313540988501,0.0157429281112001,13.0223135409885,15.7429281112001,1.2089194490401651
25.75,21.3274389806901 + 389.753145153547i,2.40897629657476,0.021327438980690103,0.389753145153547,21.327438980690104,389.753145153547,18.27472794583682
50.5,27.3535646071237 + 758.071597000507i,2.3891255817861,0.027353564607123702,0.7580715970005071,27.3535646071237,758.071597000507,27.713813826044525
75.25,33.1024510781981 + 1125.26573451277i,2.37995486962977,0.0331024510781981,1.1252657345127701,33.1024510781981,1125.2657345127702,33.99342640381973
100.0,39.085965334096 + 1491.87371604881i,2.37439076378044,0.039085965334096,1.49187371604881,39.085965334096,1491.8737160488101,38.1690385102859
