Freq [MHz],"Matrix1.Z(Winding,Winding) [mOhm]","Matrix1.L(Winding,Winding) [nH]",R_11_ohm,X_11_ohm,R_11_mOhm,X_11_mOhm,Q_1
1.0,20.7619771430968 + 14.1245357296773i,2.24798968025623,0.0207619771430968,0.0141245357296773,20.7619771430968,14.1245357296773,0.6803078354401138
25.75,30.9837089705951 + 348.509349436572i,2.15405769617752,0.0309837089705951,0.348509349436572,30.9837089705951,348.50934943657205,11.248148172554897
50.5,38.7971099098468 + 674.655245926768i,2.12623202519056,0.038797109909846805,0.674655245926768,38.7971099098468,674.655245926768,17.389317077856326
75.25,45.6058775851663 + 999.00763180278i,2.11291698057064,0.0456058775851663,0.9990076318027801,45.6058775851663,999.0076318027801,21.90523863809422
100.0,52.1068719647195 + 1322.47365571401i,2.10478219415694,0.052106871964719505,1.32247365571401,52.1068719647195,1322.47365571401,25.380023897988536
