Freq [MHz],"Matrix1.Z(Winding,Winding) [mOhm]","Matrix1.L(Winding,Winding) [nH]",R_11_ohm,X_11_ohm,R_11_mOhm,X_11_mOhm,Q_1
1.0,20.8157306125403 + 16.0518693870194i,2.55473435880961,0.0208157306125403,0.016051869387019402,20.8157306125403,16.0518693870194,0.7711412914495088
25.75,33.8587746975038 + 391.164730961193i,2.4177009901237,0.0338587746975038,0.39116473096119303,33.8587746975038,391.164730961193,11.552831856908018
50.5,44.3516819851246 + 756.694764722491i,2.38478638054145,0.044351681985124604,0.756694764722491,44.35168198512461,756.694764722491,17.06124166781958
75.25,54.5203191669118 + 1120.00263116518i,2.36882332260289,0.0545203191669118,1.12000263116518,54.520319166911804,1120.00263116518,20.54284802949037
100.0,65.1243007241207 + 1482.08703349137i,2.35881477472555,0.0651243007241207,1.48208703349137,65.1243007241207,1482.08703349137,22.757818771364335
