Freq [MHz],"Matrix1.Z(Winding,Winding) [mOhm]","Matrix1.L(Winding,Winding) [nH]",R_11_ohm,X_11_ohm,R_11_mOhm,X_11_mOhm,Q_1
1.0,9.1620202091917 + 23.7045246665277i,3.77269227432165,0.0091620202091917,0.0237045246665277,9.1620202091917,23.7045246665277,2.5872595918033867
25.75,41.3364845459865 + 543.329565705398i,3.35819751883444,0.0413364845459865,0.5433295657053979,41.3364845459865,543.329565705398,13.14406804722226
50.5,79.0630372669968 + 1045.37579228738i,3.29458860853749,0.0790630372669968,1.0453757922873799,79.0630372669968,1045.37579228738,13.222054558277765
75.25,128.696339896302 + 1538.46364954834i,3.25387501120021,0.128696339896302,1.5384636495483401,128.696339896302,1538.46364954834,11.954214477179136
100.0,189.493442356532 + 2022.11195210381i,3.21829112662523,0.189493442356532,2.02211195210381,189.493442356532,2022.1119521038097,10.671144747580263
