Freq [MHz],"Matrix1.Z(Winding,Winding) [mOhm]","Matrix1.L(Winding,Winding) [nH]",R_11_ohm,X_11_ohm,R_11_mOhm,X_11_mOhm,Q_1
1.0,8.84505605529991 + 18.1356536517987i,2.88637892488635,0.008845056055299911,0.018135653651798703,8.845056055299912,18.1356536517987,2.0503718165733855
25.75,21.8616556738512 + 436.700690117965i,2.69914848481227,0.0218616556738512,0.43670069011796503,21.8616556738512,436.70069011796505,19.975645789733306
50.5,32.1117919515544 + 847.667191034167i,2.67149353564177,0.032111791951554405,0.847667191034167,32.11179195155441,847.667191034167,26.397380510966308
75.25,43.3676958953883 + 1256.93814480761i,2.65844410507491,0.0433676958953883,1.25693814480761,43.3676958953883,1256.9381448076101,28.983281653689886
100.0,56.2840254228755 + 1665.10318836342i,2.65009403186114,0.0562840254228755,1.66510318836342,56.2840254228755,1665.10318836342,29.58393924125179
