Freq [MHz],"Matrix1.Z(Winding,Winding) [mOhm]","Matrix1.L(Winding,Winding) [nH]",R_11_ohm,X_11_ohm,R_11_mOhm,X_11_mOhm,Q_1
1.0,21.3097065147663 + 25.2176914780596i,4.01352025209955,0.0213097065147663,0.0252176914780596,21.3097065147663,25.2176914780596,1.1833899007752786
25.75,73.7684705133407 + 549.502393305081i,3.39635037418759,0.0737684705133407,0.549502393305081,73.7684705133407,549.502393305081,7.449014321175412
50.5,124.07391174624 + 1039.95465882602i,3.27750345630905,0.12407391174624001,1.03995465882602,124.07391174624001,1039.95465882602,8.381735081851607
75.25,182.659652847256 + 1517.90344056467i,3.21038984321677,0.18265965284725602,1.51790344056467,182.659652847256,1517.90344056467,8.310009446004882
100.0,250.006588130572 + 1984.72756779235i,3.15879203104908,0.250006588130572,1.9847275677923502,250.00658813057203,1984.72756779235,7.9387010663726105
