Freq [MHz],"Matrix1.Z(Winding,Winding) [mOhm]","Matrix1.L(Winding,Winding) [nH]",R_11_ohm,X_11_ohm,R_11_mOhm,X_11_mOhm,Q_1
1.0,10.5861671056851 + 15.900303669572i,2.53061192567458,0.0105861671056851,0.015900303669572,10.5861671056851,15.900303669571999,1.5019887283881097
25.75,25.60906986899 + 374.714379611151i,2.31602507816418,0.025609069868990003,0.374714379611151,25.60906986899,374.714379611151,14.632096422404324
50.5,35.8473998059328 + 723.85446356627i,2.28128744466741,0.0358473998059328,0.72385446356627,35.8473998059328,723.85446356627,20.19266299606118
75.25,45.5959995619613 + 1071.0480163226i,2.26528353603337,0.0455959995619613,1.0710480163226,45.5959995619613,1071.0480163226,23.489955842883358
100.0,55.7534550357846 + 1417.16757461215i,2.25549224689077,0.0557534550357846,1.4171675746121501,55.7534550357846,1417.1675746121502,25.41847090377736
