Freq [MHz],"Matrix1.Z(Winding,Winding) [mOhm]","Matrix1.L(Winding,Winding) [nH]",R_11_ohm,X_11_ohm,R_11_mOhm,X_11_mOhm,Q_1
1.0,9.0006906106549 + 20.4936116471229i,3.26165959544526,0.0090006906106549,0.020493611647122902,9.0006906106549,20.4936116471229,2.2768932444875767
25.75,32.9097488579725 + 475.966896246411i,2.94184404993102,0.0329097488579725,0.47596689624641103,32.9097488579725,475.966896246411,14.462793329129475
50.5,56.7746036855491 + 918.355512936689i,2.89427365147658,0.056774603685549103,0.918355512936689,56.7746036855491,918.355512936689,16.1754632057509
75.25,86.7968888803912 + 1356.21573628484i,2.86841778509963,0.0867968888803912,1.35621573628484,86.7968888803912,1356.21573628484,15.625165300034514
100.0,123.498850521131 + 1789.77930639394i,2.8485222365618,0.123498850521131,1.78977930639394,123.498850521131,1789.77930639394,14.49227501990153
