Freq [MHz],"Matrix1.Z(Winding,Winding) [mOhm]","Matrix1.L(Winding,Winding) [nH]",R_11_ohm,X_11_ohm,R_11_mOhm,X_11_mOhm,Q_1
1.0,21.0151449591943 + 20.2426957372155i,3.22172508808309,0.0210151449591943,0.0202426957372155,21.0151449591943,20.2426957372155,0.9632432122891045
25.75,48.0656124933723 + 469.82891238604i,2.9039065558729,0.0480656124933723,0.46982891238603997,48.0656124933723,469.82891238604,9.774740984541163
50.5,71.4654506937928 + 901.406430325486i,2.84085721031923,0.0714654506937928,0.901406430325486,71.4654506937928,901.406430325486,12.613177718387753
75.25,96.8227290836829 + 1328.27796401766i,2.80932895379999,0.0968227290836829,1.32827796401766,96.8227290836829,1328.27796401766,13.718658589654531
100.0,125.400609830304 + 1751.93678537365i,2.78829399376742,0.12540060983030402,1.75193678537365,125.40060983030402,1751.93678537365,13.970719821414146
