Freq [MHz],"Matrix1.Z(Winding,Winding) [mOhm]","Matrix1.L(Winding,Winding) [nH]",R_11_ohm,X_11_ohm,R_11_mOhm,X_11_mOhm,Q_1
1.0,10.5337131516151 + 15.9544476714724i,2.53922921121581,0.010533713151615099,0.0159544476714724,10.5337131516151,15.954447671472398,1.5146081388238826
25.75,22.2858917321252 + 384.197422348287i,2.37463762679202,0.022285891732125203,0.38419742234828697,22.285891732125204,384.197422348287,17.239490659216692
50.5,30.3642076215027 + 744.69459902991i,2.34696686196925,0.0303642076215027,0.7446945990299101,30.3642076215027,744.6945990299101,24.525408609791864
75.25,37.9080906448349 + 1103.59688630572i,2.33412491211135,0.0379080906448349,1.1035968863057202,37.9080906448349,1103.59688630572,29.112436620600114
100.0,45.6160722597746 + 1461.6516349588i,2.32629082782044,0.0456160722597746,1.4616516349588,45.6160722597746,1461.6516349588,32.042470176629415
