Freq [MHz],"Matrix1.Z(Winding,Winding) [mOhm]","Matrix1.L(Winding,Winding) [nH]",R_11_ohm,X_11_ohm,R_11_mOhm,X_11_mOhm,Q_1
1.0,7.31173923786124 + 16.5969286168219i,2.64148322951053,0.0073117392378612405,0.0165969286168219,7.31173923786124,16.5969286168219,2.2699016030113066
25.75,22.0704334165277 + 385.421867497844i,2.38220564613559,0.022070433416527698,0.385421867497844,22.0704334165277,385.421867497844,17.463266816011707
50.5,32.6042672153594 + 745.669134564198i,2.35003819162273,0.0326042672153594,0.745669134564198,32.6042672153594,745.6691345641981,22.870292702451046
75.25,43.3793177302462 + 1103.94962968101i,2.33487096994285,0.0433793177302462,1.10394962968101,43.3793177302462,1103.94962968101,25.44875501606338
100.0,55.145292038826 + 1461.02227883386i,2.32528917643795,0.055145292038826,1.4610222788338598,55.14529203882601,1461.02227883386,26.494052797928816
