Freq [MHz],"Matrix1.Z(Winding,Winding) [mOhm]","Matrix1.L(Winding,Winding) [nH]",R_11_ohm,X_11_ohm,R_11_mOhm,X_11_mOhm,Q_1
1.0,9.26344460687011 + 25.0757426917711i,3.99092840109584,0.009263444606870109,0.0250757426917711,9.26344460687011,25.0757426917711,2.706956618834209
25.75,50.77251317481 + 566.685723370787i,3.50255666229387,0.050772513174810005,0.5666857233707869,50.77251317481001,566.685723370787,11.161269906409503
50.5,105.252580845664 + 1083.4984328279i,3.41473527558184,0.105252580845664,1.0834984328279,105.252580845664,1083.4984328279,10.294269500304951
75.25,176.61949647037 + 1583.19388824977i,3.34848017525354,0.17661949647037,1.58319388824977,176.61949647037,1583.19388824977,8.963868201919427
100.0,260.713932504902 + 2065.05265340384i,3.28663337534255,0.260713932504902,2.06505265340384,260.713932504902,2065.05265340384,7.9207606343209624
