Freq [MHz],"Matrix1.Z(Winding,Winding) [mOhm]","Matrix1.L(Winding,Winding) [nH]",R_11_ohm,X_11_ohm,R_11_mOhm,X_11_mOhm,Q_1
1.0,11.1544503088386 + 21.9490220224041i,3.49329535089848,0.0111544503088386,0.0219490220224041,11.1544503088386,21.9490220224041,1.9677367700506105
25.75,52.649909337908 + 466.302336002375i,2.88210958252722,0.052649909337908,0.46630233600237503,52.649909337908,466.302336002375,8.856659809414653
50.5,92.7090155603564 + 886.27510630729i,2.79316958629901,0.0927090155603564,0.88627510630729,92.7090155603564,886.27510630729,9.559751022599283
75.25,140.796853036857 + 1295.48762603993i,2.73997686908491,0.140796853036857,1.2954876260399302,140.796853036857,1295.48762603993,9.201112085231088
100.0,196.310561442108 + 1694.33673283556i,2.69662066292951,0.196310561442108,1.69433673283556,196.31056144210802,1694.33673283556,8.630899531787136
