Freq [MHz],"Matrix1.Z(Winding,Winding) [mOhm]","Matrix1.L(Winding,Winding) [nH]",R_11_ohm,X_11_ohm,R_11_mOhm,X_11_mOhm,Q_1
1.0,10.8913932289908 + 19.5788273651257i,3.11606715510262,0.010891393228990801,0.0195788273651257,10.8913932289908,19.5788273651257,1.7976421338833506
25.75,34.8120208596484 + 442.90141182478i,2.73747374735118,0.0348120208596484,0.44290141182478,34.8120208596484,442.90141182478,12.722657314564566
50.5,54.1997963328787 + 852.231317014691i,2.68587775763573,0.0541997963328787,0.852231317014691,54.1997963328787,852.2313170146911,15.723884122747343
75.25,75.6352336448381 + 1257.88847356907i,2.66045406547291,0.0756352336448381,1.2578884735690699,75.6352336448381,1257.88847356907,16.630985493821072
100.0,100.164429262559 + 1660.91632931953i,2.6434304387325,0.100164429262559,1.66091632931953,100.164429262559,1660.91632931953,16.581897800922956
