Freq [MHz],"Matrix1.Z(Winding,Winding) [mOhm]","Matrix1.L(Winding,Winding) [nH]",R_11_ohm,X_11_ohm,R_11_mOhm,X_11_mOhm,Q_1
1.0,8.97926612448806 + 20.1132923382182i,3.20112989747978,0.00897926612448806,0.0201132923382182,8.97926612448806,20.1132923382182,2.239970623363714
25.75,31.402008040641 + 468.819300184824i,2.89766637053584,0.031402008040641,0.468819300184824,31.402008040641,468.819300184824,14.929596208563169
50.5,53.041189112996 + 905.210156558592i,2.85284496937205,0.053041189112996004,0.9052101565585919,53.041189112996,905.210156558592,17.066173886678566
75.25,79.9089296576364 + 1337.66667291023i,2.82918622196615,0.07990892965763641,1.3376666729102302,79.9089296576364,1337.6666729102303,16.739889755016854
100.0,112.643851026685 + 1766.53136605029i,2.81152199033782,0.112643851026685,1.76653136605029,112.643851026685,1766.53136605029,15.682448264591057
