Freq [MHz],"Matrix1.Z(Winding,Winding) [mOhm]","Matrix1.L(Winding,Winding) [nH]",R_11_ohm,X_11_ohm,R_11_mOhm,X_11_mOhm,Q_1
1.0,7.99015703841027 + 22.4367700657653i,3.57092286298282,0.00799015703841027,0.0224367700657653,7.99015703841027,22.4367700657653,2.808051200734516
25.75,44.481755150102 + 477.214963188674i,2.94955807024832,0.044481755150102005,0.477214963188674,44.481755150102,477.214963188674,10.728330336299233
50.5,81.5755442316812 + 911.73902559133i,2.87342124223066,0.0815755442316812,0.91173902559133,81.5755442316812,911.73902559133,11.176622040080012
75.25,127.303337725503 + 1336.01427561804i,2.82569137549433,0.127303337725503,1.3360142756180402,127.30333772550301,1336.0142756180403,10.494730927627462
100.0,180.601275374611 + 1750.12764405305i,2.78541465592817,0.180601275374611,1.75012764405305,180.601275374611,1750.12764405305,9.690560824794064
