Freq [MHz],"Matrix1.Z(Winding,Winding) [mOhm]","Matrix1.L(Winding,Winding) [nH]",R_11_ohm,X_11_ohm,R_11_mOhm,X_11_mOhm,Q_1
1.0,26.2539709603357 + 27.4095060136674i,4.3623583697822,0.0262539709603357,0.0274095060136674,26.2539709603357,27.4095060136674,1.0440137248219508
25.75,72.8771906266461 + 638.416598036286i,3.94590902250045,0.0728771906266461,0.638416598036286,72.8771906266461,638.416598036286,8.760170261048202
50.5,131.51558747612 + 1220.67851602927i,3.84706969806213,0.13151558747612,1.22067851602927,131.51558747612,1220.67851602927,9.281626151355749
75.25,208.149537079768 + 1788.83167333997i,3.78340735111499,0.20814953707976802,1.78883167333997,208.149537079768,1788.8316733399702,8.593973824954729
100.0,301.768091828273 + 2342.41785890398i,3.72807381031303,0.30176809182827297,2.3424178589039797,301.768091828273,2342.41785890398,7.762311265953786
