Freq [MHz],"Matrix1.Z(Winding,Winding) [mOhm]","Matrix1.L(Winding,Winding) [nH]",R_11_ohm,X_11_ohm,R_11_mOhm,X_11_mOhm,Q_1
1.0,13.3408594823615 + 23.4277106156403i,3.72863594980563,0.0133408594823615,0.0234277106156403,13.3408594823615,23.4277106156403,1.7560870532078567
25.75,50.6698050879543 + 538.067509651645i,3.32567393701768,0.0506698050879543,0.538067509651645,50.6698050879543,538.067509651645,10.619095706361014
50.5,93.7876676371916 + 1030.59495462644i,3.24800557137356,0.09378766763719161,1.0305949546264401,93.7876676371916,1030.59495462644,10.988597761202417
75.25,149.409064100898 + 1512.50518644091i,3.19897245015547,0.14940906410089802,1.51250518644091,149.409064100898,1512.50518644091,10.123249185333858
100.0,216.686531049261 + 1983.45527385328i,3.15676711235439,0.216686531049261,1.98345527385328,216.686531049261,1983.45527385328,9.153569740808514
