Freq [MHz],"Matrix1.Z(Winding,Winding) [mOhm]","Matrix1.L(Winding,Winding) [nH]",R_11_ohm,X_11_ohm,R_11_mOhm,X_11_mOhm,Q_1
1.0,20.8816397943498 + 17.6824034285779i,2.81424191140325,0.0208816397943498,0.017682403428577898,20.8816397943498,17.6824034285779,0.8467918996171192
25.75,38.8398273437482 + 423.084773242244i,2.6149915731424,0.0388398273437482,0.423084773242244,38.8398273437482,423.084773242244,10.893065241968573
50.5,53.6131624640537 + 815.84494139317i,2.57120307364833,0.053613162464053704,0.81584494139317,53.6131624640537,815.84494139317,15.21725083723934
75.25,68.6114827652862 + 1205.58735244598i,2.54983636506112,0.0686114827652862,1.2055873524459801,68.6114827652862,1205.58735244598,17.571218458726328
100.0,84.8148078340046 + 1593.54196840473i,2.53620081296002,0.0848148078340046,1.59354196840473,84.8148078340046,1593.5419684047301,18.78848763677603
