Freq [MHz],"Matrix1.Z(Winding,Winding) [mOhm]","Matrix1.L(Winding,Winding) [nH]",R_11_ohm,X_11_ohm,R_11_mOhm,X_11_mOhm,Q_1
1.0,10.4552133863641 + 13.5319561986607i,2.15367771871987,0.0104552133863641,0.0135319561986607,10.4552133863641,13.5319561986607,1.2942783373804068
25.75,18.9524427911116 + 330.77778050508i,2.0444628672757,0.0189524427911116,0.33077778050508,18.9524427911116,330.77778050508,17.453042024757337
50.5,24.5465210601332 + 642.096807932655i,2.02362140447543,0.0245465210601332,0.642096807932655,24.5465210601332,642.096807932655,26.15836298592656
75.25,29.4018559420939 + 952.259395885354i,2.01404372041005,0.0294018559420939,0.952259395885354,29.4018559420939,952.259395885354,32.38773082082985
100.0,34.06964088614 + 1261.84515475905i,2.0082889379646,0.03406964088614,1.2618451547590501,34.06964088614,1261.84515475905,37.03723085829138
