Freq [MHz],"Matrix1.Z(Winding,Winding) [mOhm]","Matrix1.L(Winding,Winding) [nH]",R_11_ohm,X_11_ohm,R_11_mOhm,X_11_mOhm,Q_1
1.0,20.7721278614517 + 14.6766168702053i,2.33585612275908,0.0207721278614517,0.014676616870205302,20.7721278614517,14.676616870205303,0.706553366515798
25.75,30.2654406758568 + 362.738760917798i,2.24200647965424,0.030265440675856802,0.362738760917798,30.2654406758568,362.738760917798,11.985246301308944
50.5,37.8055021366774 + 703.528165288963i,2.21722742792298,0.037805502136677396,0.703528165288963,37.8055021366774,703.528165288963,18.609147492487025
75.25,44.8024209186585 + 1042.65010705581i,2.20522150768407,0.0448024209186585,1.04265010705581,44.8024209186585,1042.6501070558102,23.272182299005767
100.0,51.8365540964743 + 1380.8977087926i,2.19776696258616,0.0518365540964743,1.3808977087926,51.8365540964743,1380.8977087926,26.63945805931808
