Freq [MHz],"Matrix1.Z(Winding,Winding) [mOhm]","Matrix1.L(Winding,Winding) [nH]",R_11_ohm,X_11_ohm,R_11_mOhm,X_11_mOhm,Q_1
1.0,8.83840285841447 + 17.2653536960588i,2.74786638495768,0.00883840285841447,0.017265353696058798,8.83840285841447,17.2653536960588,1.9534472429734944
25.75,22.5870232081268 + 413.396716668542i,2.55511188022362,0.0225870232081268,0.413396716668542,22.5870232081268,413.396716668542,18.302399251965262
50.5,33.3317163211672 + 801.451766765227i,2.52584178872116,0.0333317163211672,0.801451766765227,33.3317163211672,801.451766765227,24.044719421071864
75.25,45.1339594948733 + 1187.73212769067i,2.5120722816083,0.0451339594948733,1.18773212769067,45.1339594948733,1187.73212769067,26.315708636765688
100.0,58.6967337936354 + 1572.82443721464i,2.50322783798438,0.0586967337936354,1.57282443721464,58.6967337936354,1572.82443721464,26.795774407897028
