Freq [MHz],"Matrix1.Z(Winding,Winding) [mOhm]","Matrix1.L(Winding,Winding) [nH]",R_11_ohm,X_11_ohm,R_11_mOhm,X_11_mOhm,Q_1
1.0,9.15134533611447 + 22.8769829716172i,3.64098492296199,0.009151345336114471,0.0228769829716172,9.15134533611447,22.8769829716172,2.4998491622140486
25.75,46.6619532200182 + 518.349867741371i,3.20380363891532,0.0466619532200182,0.518349867741371,46.6619532200182,518.349867741371,11.108619163395769
50.5,93.8066416972266 + 991.524282221995i,3.12487110319354,0.09380664169722659,0.9915242822219951,93.8066416972266,991.5242822219951,10.569872924587488
75.25,155.228609428687 + 1450.48886351863i,3.06780694390345,0.15522860942868702,1.4504888635186302,155.228609428687,1450.48886351863,9.34421089551146
100.0,227.871817557058 + 1894.62863030736i,3.01539511836844,0.227871817557058,1.89462863030736,227.871817557058,1894.62863030736,8.314449108358712
