Freq [MHz],"Matrix1.Z(Winding,Winding) [mOhm]","Matrix1.L(Winding,Winding) [nH]",R_11_ohm,X_11_ohm,R_11_mOhm,X_11_mOhm,Q_1
1.0,8.78136164670091 + 15.8656031890862i,2.52508917267761,0.00878136164670091,0.0158656031890862,8.78136164670091,15.865603189086201,1.806736110799717
25.75,19.3830485727119 + 384.772075727495i,2.37818942973825,0.0193830485727119,0.384772075727495,19.3830485727119,384.772075727495,19.85095761815249
50.5,27.0462873722861 + 747.179004912589i,2.35479667339252,0.0270462873722861,0.747179004912589,27.0462873722861,747.179004912589,27.625936034319132
75.25,34.9010595424296 + 1108.27291920102i,2.34401479582361,0.0349010595424296,1.10827291920102,34.9010595424296,1108.27291920102,31.754706984000883
100.0,43.5390006992586 + 1468.58640508291i,2.33732785726502,0.043539000699258604,1.46858640508291,43.5390006992586,1468.58640508291,33.73036545388415
