Freq [MHz],"Matrix1.Z(Winding,Winding) [mOhm]","Matrix1.L(Winding,Winding) [nH]",R_11_ohm,X_11_ohm,R_11_mOhm,X_11_mOhm,Q_1
1.0,7.45971437436274 + 17.8828335892009i,2.84614136221111,0.00745971437436274,0.0178828335892009,7.45971437436274,17.8828335892009,2.3972544646829825
25.75,25.9926385149462 + 406.331197982041i,2.5114415025745,0.025992638514946202,0.406331197982041,25.9926385149462,406.331197982041,15.632549106101473
50.5,39.9172300845269 + 784.381203645286i,2.47204249165382,0.0399172300845269,0.784381203645286,39.9172300845269,784.381203645286,19.650191207764575
75.25,54.8746416115386 + 1159.87452213482i,2.45315300417417,0.0548746416115386,1.15987452213482,54.8746416115386,1159.87452213482,21.136803595833065
100.0,71.7335494159973 + 1533.65216402562i,2.44088322888259,0.0717335494159973,1.5336521640256202,71.7335494159973,1533.6521640256203,21.379844947190087
