Freq [MHz],"Matrix1.Z(Winding,Winding) [mOhm]","Matrix1.L(Winding,Winding) [nH]",R_11_ohm,X_11_ohm,R_11_mOhm,X_11_mOhm,Q_1
1.0,13.1594671957279 + 19.3580932968212i,3.08093623702317,0.0131594671957279,0.0193580932968212,13.1594671957279,19.3580932968212,1.4710392912492405
25.75,32.9249164630088 + 460.521246040401i,2.8463779691716,0.032924916463008796,0.460521246040401,32.9249164630088,460.521246040401,13.98701334771183
50.5,50.2685429991613 + 889.66860935161i,2.80386449291091,0.0502685429991613,0.8896686093516101,50.268542999161305,889.66860935161,17.698317004462485
75.25,70.2935445038863 + 1315.86617158747i,2.78307781602065,0.0702935445038863,1.31586617158747,70.2935445038863,1315.86617158747,18.71958770715738
100.0,93.9300689603409 + 1739.85098964714i,2.76905885245668,0.09393006896034091,1.7398509896471401,93.9300689603409,1739.85098964714,18.522833091730604
