Freq [MHz],"Matrix1.Z(Winding,Winding) [mOhm]","Matrix1.L(Winding,Winding) [nH]",R_11_ohm,X_11_ohm,R_11_mOhm,X_11_mOhm,Q_1
1.0,8.89623681008635 + 19.222248734963i,3.05931590351129,0.00889623681008635,0.019222248734963,8.89623681008635,19.222248734963,2.1607168452585763
25.75,24.5102941603357 + 458.661026349318i,2.83488037076101,0.0245102941603357,0.458661026349318,24.5102941603357,458.661026349318,18.71299558254816
50.5,37.683774511988 + 889.255063924105i,2.80256117015883,0.037683774511988,0.889255063924105,37.683774511988,889.255063924105,23.597823610827902
75.25,52.8679012935063 + 1317.6796883743i,2.78691343277817,0.052867901293506304,1.3176796883743,52.86790129350631,1317.6796883743,24.924002204266596
100.0,70.772835353763 + 1744.52672397594i,2.77650051476681,0.070772835353763,1.74452672397594,70.772835353763,1744.52672397594,24.649665585048282
