Freq [MHz],"Matrix1.Z(Winding,Winding) [mOhm]","Matrix1.L(Winding,Winding) [nH]",R_11_ohm,X_11_ohm,R_11_mOhm,X_11_mOhm,Q_1
1.0,20.9053412780653 + 18.9574536860294i,3.01717246256726,0.0209053412780653,0.0189574536860294,20.9053412780653,18.9574536860294,0.9068234492741957
25.75,42.737693899062 + 449.368894725432i,2.77744780067161,0.042737693899062006,0.449368894725432,42.73769389906201,449.368894725432,10.514579841082503
50.5,60.2647740535148 + 864.325245101252i,2.72399277617779,0.0602647740535148,0.864325245101252,60.2647740535148,864.325245101252,14.342130351865848
75.25,77.8595302789662 + 1275.68375312722i,2.6980913638833,0.07785953027896621,1.27568375312722,77.8595302789662,1275.6837531272201,16.384426525006234
100.0,96.7443253020524 + 1684.89990741371i,2.68160148879968,0.0967443253020524,1.68489990741371,96.7443253020524,1684.89990741371,17.416007627870297
