Freq [MHz],"Matrix1.Z(Winding,Winding) [mOhm]","Matrix1.L(Winding,Winding) [nH]",R_11_ohm,X_11_ohm,R_11_mOhm,X_11_mOhm,Q_1
1.0,26.2361990097202 + 26.967430640593i,4.29199988893822,0.0262361990097202,0.026967430640593003,26.2361990097202,26.967430640593,1.0278710963658224
25.75,70.6507101672008 + 629.793913751346i,3.89261415544534,0.0706507101672008,0.6297939137513461,70.6507101672008,629.793913751346,8.914190844803771
50.5,125.667020466401 + 1205.31353564867i,3.79864568661495,0.125667020466401,1.2053135356486702,125.667020466401,1205.3135356486703,9.591327391826953
75.25,197.351685216086 + 1768.05498840684i,3.7394643330662,0.197351685216086,1.7680549884068402,197.351685216086,1768.0549884068403,8.958904944089767
100.0,285.117100039871 + 2317.73396213657i,3.68878816845999,0.285117100039871,2.31773396213657,285.117100039871,2317.73396213657,8.12905982072789
