Freq [MHz],"Matrix1.Z(Winding,Winding) [mOhm]","Matrix1.L(Winding,Winding) [nH]",R_11_ohm,X_11_ohm,R_11_mOhm,X_11_mOhm,Q_1
1.0,20.7944462525994 + 15.2434993084389i,2.42607826495594,0.0207944462525994,0.0152434993084389,20.7944462525994,15.2434993084389,0.7330562748951968
25.75,34.4053843638095 + 371.092225945447i,2.29363736319194,0.0344053843638095,0.371092225945447,34.4053843638095,371.092225945447,10.785876478560526
50.5,44.7714480672951 + 716.38194257162i,2.25773717429797,0.0447714480672951,0.71638194257162,44.7714480672951,716.38194257162,16.000866031736123
75.25,54.1263716333691 + 1059.38861775345i,2.24062372319936,0.0541263716333691,1.05938861775345,54.1263716333691,1059.38861775345,19.572503860582685
100.0,63.3649911139253 + 1401.22697751866i,2.23012199865812,0.0633649911139253,1.40122697751866,63.36499111392529,1401.22697751866,22.113582798415667
