Freq [MHz],"Matrix1.Z(Winding,Winding) [mOhm]","Matrix1.L(Winding,Winding) [nH]",R_11_ohm,X_11_ohm,R_11_mOhm,X_11_mOhm,Q_1
1.0,7.31805549519101 + 17.4817213845998i,2.78230237211434,0.00731805549519101,0.017481721384599802,7.31805549519101,17.4817213845998,2.38884788398882
25.75,23.1990577205018 + 405.228458932208i,2.50462572118726,0.0231990577205018,0.40522845893220805,23.1990577205018,405.22845893220807,17.46745336876738
50.5,34.3284706305895 + 783.798949063446i,2.47020746799366,0.034328470630589504,0.783798949063446,34.32847063058951,783.798949063446,22.83232939497795
75.25,45.6945664049408 + 1160.33073427565i,2.45411790008529,0.0456945664049408,1.16033073427565,45.6945664049408,1160.33073427565,25.393188415290165
100.0,58.1210343714127 + 1535.60261243846i,2.44398746394408,0.0581210343714127,1.53560261243846,58.1210343714127,1535.60261243846,26.42077225648549
