Freq [MHz],"Matrix1.Z(Winding,Winding) [mOhm]","Matrix1.L(Winding,Winding) [nH]",R_11_ohm,X_11_ohm,R_11_mOhm,X_11_mOhm,Q_1
1.0,13.424525800064 + 24.453495773875i,3.89189472828898,0.013424525800064,0.024453495773875,13.424525800064,24.453495773875,1.8215537843249867
25.75,47.1108320870889 + 564.375499832036i,3.48827769158166,0.047110832087088904,0.5643754998320359,47.1108320870889,564.375499832036,11.979739580670822
50.5,86.3807070204998 + 1085.68512290054i,3.42162681090995,0.0863807070204998,1.08568512290054,86.3807070204998,1085.68512290054,12.568606582982541
75.25,137.899602519245 + 1598.64495677446i,3.38115943016059,0.13789960251924502,1.59864495677446,137.899602519245,1598.64495677446,11.59281772803773
100.0,201.591675853875 + 2103.04537282673i,3.34710066631912,0.201591675853875,2.1030453728267298,201.591675853875,2103.04537282673,10.432203432601728
