Freq [MHz],"Matrix1.Z(Winding,Winding) [mOhm]","Matrix1.L(Winding,Winding) [nH]",R_11_ohm,X_11_ohm,R_11_mOhm,X_11_mOhm,Q_1
1.0,26.0275993646451 + 20.4838408143074i,3.26010451910454,0.026027599364645097,0.0204838408143074,26.0275993646451,20.4838408143074,0.7870046148832255
25.75,45.7442654109444 + 497.326287653587i,3.07386163144117,0.0457442654109444,0.497326287653587,45.7442654109444,497.326287653587,10.871882697991708
50.5,65.1360941675341 + 961.129756529169i,3.02908023176885,0.0651360941675341,0.961129756529169,65.1360941675341,961.129756529169,14.755716762154686
75.25,87.6735848373987 + 1421.48159603836i,3.00645611327126,0.0876735848373987,1.42148159603836,87.6735848373987,1421.48159603836,16.213339498717545
100.0,114.271983619598 + 1879.34612065323i,2.9910722488254,0.114271983619598,1.87934612065323,114.271983619598,1879.34612065323,16.446254463468648
