Freq [MHz],"Matrix1.Z(Winding,Winding) [mOhm]","Matrix1.L(Winding,Winding) [nH]",R_11_ohm,X_11_ohm,R_11_mOhm,X_11_mOhm,Q_1
1.0,10.8608123982253 + 19.2801170094847i,3.06852592544962,0.010860812398225301,0.0192801170094847,10.8608123982253,19.2801170094847,1.7752002615048528
25.75,33.7515019902265 + 438.105069002887i,2.7078286339971,0.0337515019902265,0.438105069002887,33.7515019902265,438.105069002887,12.980313265162245
50.5,52.0995522897429 + 843.45436643166i,2.65821646910973,0.052099552289742904,0.84345436643166,52.0995522897429,843.4543664316601,16.18928242878039
75.25,72.206089937443 + 1245.34070613165i,2.63391533839738,0.072206089937443,1.24534070613165,72.206089937443,1245.34070613165,17.247031479070152
100.0,95.1031722717055 + 1644.80169867139i,2.61778320749498,0.0951031722717055,1.6448016986713903,95.1031722717055,1644.8016986713903,17.294919395246517
