Freq [MHz],"Matrix1.Z(Winding,Winding) [mOhm]","Matrix1.L(Winding,Winding) [nH]",R_11_ohm,X_11_ohm,R_11_mOhm,X_11_mOhm,Q_1
1.0,13.0315046107854 + 15.1765877681348i,2.41542896256664,0.013031504610785399,0.0151765877681348,13.0315046107854,15.1765877681348,1.1646074817465086
25.75,21.212769998969 + 374.827912967277i,2.31672680223537,0.021212769998969,0.37482791296727697,21.212769998969,374.827912967277,17.669918307957644
50.5,27.3186252374391 + 729.008985891279i,2.29753234976251,0.027318625237439102,0.729008985891279,27.318625237439104,729.008985891279,26.685419912426664
75.25,33.3170400316278 + 1082.0583878587i,2.28857064640212,0.0333170400316278,1.0820583878587,33.3170400316278,1082.0583878587,32.477626668860864
100.0,39.6851271588539 + 1434.49402207807i,2.283068144495,0.0396851271588539,1.43449402207807,39.6851271588539,1434.49402207807,36.14689241982254
