Freq [MHz],"Matrix1.Z(Winding,Winding) [mOhm]","Matrix1.L(Winding,Winding) [nH]",R_11_ohm,X_11_ohm,R_11_mOhm,X_11_mOhm,Q_1
1.0,26.0143826357522 + 21.0112060078854i,3.34403729647709,0.0260143826357522,0.021011206007885398,26.0143826357522,21.0112060078854,0.8076765188734168
25.75,47.1854340749042 + 510.417823354713i,3.1547774613246,0.0471854340749042,0.510417823354713,47.1854340749042,510.417823354713,10.81727514775966
50.5,67.3032139782721 + 985.237271127958i,3.10505706571058,0.0673032139782721,0.985237271127958,67.3032139782721,985.237271127958,14.638784879515978
75.25,90.0629625101983 + 1456.37286280546i,3.08025169568616,0.09006296251019831,1.45637286280546,90.0629625101983,1456.37286280546,16.170608008153707
100.0,116.512554753265 + 1924.93683977957i,3.06363213190611,0.116512554753265,1.92493683977957,116.512554753265,1924.9368397795702,16.521282567839567
