Freq [MHz],"Matrix1.Z(Winding,Winding) [mOhm]","Matrix1.L(Winding,Winding) [nH]",R_11_ohm,X_11_ohm,R_11_mOhm,X_11_mOhm,Q_1
1.0,13.7232951530415 + 28.9605677667296i,4.60921751482282,0.0137232951530415,0.0289605677667296,13.7232951530415,28.9605677667296,2.1103217152850537
25.75,76.0000786774682 + 643.519550838623i,3.97744922299973,0.07600007867746819,0.643519550838623,76.0000786774682,643.519550838623,8.467353745377212
50.5,164.967833400153 + 1217.23396518974i,3.83621391008504,0.164967833400153,1.2172339651897401,164.967833400153,1217.23396518974,7.378614000689247
75.25,279.968302732972 + 1758.84856255715i,3.71999259642585,0.279968302732972,1.75884856255715,279.968302732972,1758.84856255715,6.282313195414495
100.0,411.174538614773 + 2268.36679760596i,3.61021788584522,0.411174538614773,2.2683667976059603,411.174538614773,2268.36679760596,5.5167978183862685
