Freq [MHz],"Matrix1.Z(Winding,Winding) [mOhm]","Matrix1.L(Winding,Winding) [nH]",R_11_ohm,X_11_ohm,R_11_mOhm,X_11_mOhm,Q_1
1.0,21.0525716529929 + 20.8201892613064i,3.31363603704571,0.0210525716529929,0.0208201892613064,21.0525716529929,20.8201892613064,0.9889618049748586
25.75,57.718987744677 + 469.579373821704i,2.90236421428043,0.057718987744677,0.469579373821704,57.718987744677,469.579373821704,8.135613463959437
50.5,88.5917966128694 + 893.661271024277i,2.8164476976891,0.08859179661286941,0.893661271024277,88.5917966128694,893.661271024277,10.08740431046251
75.25,121.869206389152 + 1311.23213796732i,2.77327676144123,0.121869206389152,1.3112321379673202,121.869206389152,1311.23213796732,10.759339268857646
100.0,159.161092889351 + 1724.03348713027i,2.7438845153274,0.159161092889351,1.72403348713027,159.161092889351,1724.03348713027,10.83200332338017
