Freq [MHz],"Matrix1.Z(Winding,Winding) [mOhm]","Matrix1.L(Winding,Winding) [nH]",R_11_ohm,X_11_ohm,R_11_mOhm,X_11_mOhm,Q_1
1.0,8.86777610478563 + 18.6280381329975i,2.96474434897087,0.00886777610478563,0.0186280381329975,8.86777610478563,18.628038132997503,2.100643714148872
25.75,23.0136867519045 + 446.720804958725i,2.76108055499695,0.023013686751904502,0.446720804958725,23.0136867519045,446.720804958725,19.411092615213274
50.5,34.5068819203029 + 866.672031983542i,2.73138886989461,0.0345068819203029,0.8666720319835419,34.5068819203029,866.672031983542,25.115918441579502
75.25,47.4208160906465 + 1284.73051019348i,2.71722539851514,0.047420816090646495,1.28473051019348,47.4208160906465,1284.73051019348,27.092121479682557
100.0,62.4378710450403 + 1701.49146882577i,2.70800777892311,0.062437871045040304,1.70149146882577,62.4378710450403,1701.49146882577,27.250952672591588
