Freq [MHz],"Matrix1.Z(Winding,Winding) [mOhm]","Matrix1.L(Winding,Winding) [nH]",R_11_ohm,X_11_ohm,R_11_mOhm,X_11_mOhm,Q_1
1.0,11.1136696490011 + 21.5486275751837i,3.42957059543681,0.0111136696490011,0.0215486275751837,11.113669649001102,21.5486275751837,1.9389300074364273
25.75,42.5590988494692 + 473.157618659819i,2.92448053869127,0.0425590988494692,0.473157618659819,42.5590988494692,473.157618659819,11.117660651917685
50.5,70.3108180473186 + 906.973993128321i,2.85840384677558,0.0703108180473186,0.906973993128321,70.3108180473186,906.973993128321,12.899494250201085
75.25,102.732161845552 + 1335.18462719427i,2.82393665592396,0.102732161845552,1.33518462719427,102.732161845552,1335.18462719427,12.996753920175383
100.0,140.794231109201 + 1758.74121952051i,2.79912358706158,0.140794231109201,1.75874121952051,140.794231109201,1758.7412195205102,12.491571605348076
