Freq [MHz],"Matrix1.Z(Winding,Winding) [mOhm]","Matrix1.L(Winding,Winding) [nH]",R_11_ohm,X_11_ohm,R_11_mOhm,X_11_mOhm,Q_1
1.0,7.44830686979349 + 18.6318739430682i,2.96535483710439,0.007448306869793491,0.0186318739430682,7.448306869793491,18.6318739430682,2.5014911803150213
25.75,26.9267629066972 + 423.442233822745i,2.61720095637919,0.0269267629066972,0.423442233822745,26.9267629066972,423.442233822745,15.725701425381022
50.5,41.3606382110334 + 817.368725768036i,2.57600540662786,0.0413606382110334,0.8173687257680361,41.3606382110334,817.3687257680361,19.761995005918312
75.25,56.8731464412168 + 1208.67183618176i,2.5563600970669,0.0568731464412168,1.20867183618176,56.8731464412168,1208.67183618176,21.25206554961795
100.0,74.3874818929179 + 1598.18168298669i,2.54358514806257,0.07438748189291791,1.59818168298669,74.38748189291792,1598.18168298669,21.4845514637436
