Freq [MHz],"Matrix1.Z(Winding,Winding) [mOhm]","Matrix1.L(Winding,Winding) [nH]",R_11_ohm,X_11_ohm,R_11_mOhm,X_11_mOhm,Q_1
1.0,10.8149345855311 + 19.6250827821644i,3.12342893336911,0.010814934585531101,0.0196250827821644,10.814934585531102,19.6250827821644,1.814627969032755
25.75,33.9984471140811 + 447.374631914019i,2.76512171196246,0.0339984471140811,0.447374631914019,33.9984471140811,447.374631914019,13.15867840707143
50.5,51.8146538540684 + 861.317601433292i,2.71451393742898,0.0518146538540684,0.8613176014332921,51.8146538540684,861.3176014332921,16.623050379900643
75.25,70.912739617321 + 1271.92493591949i,2.69014140589274,0.070912739617321,1.2719249359194902,70.91273961732101,1271.9249359194903,17.936480000397733
100.0,92.4124186626704 + 1680.26062739331i,2.67421784532334,0.0924124186626704,1.68026062739331,92.4124186626704,1680.26062739331,18.182195117375972
