Freq [MHz],"Matrix1.Z(Winding,Winding) [mOhm]","Matrix1.L(Winding,Winding) [nH]",R_11_ohm,X_11_ohm,R_11_mOhm,X_11_mOhm,Q_1
1.0,7.65523850074298 + 19.3739731980914i,3.08346360180614,0.00765523850074298,0.0193739731980914,7.65523850074298,19.3739731980914,2.5308124882341754
25.75,35.0513009966492 + 421.206062705987i,2.60337968698768,0.0350513009966492,0.421206062705987,35.0513009966492,421.206062705987,12.016845330398807
50.5,58.4888108408781 + 808.363422271777i,2.54762444493533,0.058488810840878105,0.808363422271777,58.4888108408781,808.363422271777,13.820821634944371
75.25,86.1819828368532 + 1190.69727041801i,2.51834360548908,0.0861819828368532,1.19069727041801,86.18198283685321,1190.69727041801,13.816081171769504
100.0,118.852672630558 + 1568.72302937952i,2.49670024467843,0.118852672630558,1.56872302937952,118.852672630558,1568.72302937952,13.198887283382708
