Freq [MHz],"Matrix1.Z(Winding,Winding) [mOhm]","Matrix1.L(Winding,Winding) [nH]",R_11_ohm,X_11_ohm,R_11_mOhm,X_11_mOhm,Q_1
1.0,9.03073781551029 + 20.6345257492555i,3.284086771351,0.00903073781551029,0.0206345257492555,9.03073781551029,20.6345257492555,2.284921361997212
25.75,29.6034666469588 + 483.115223938189i,2.98602625136741,0.0296034666469588,0.483115223938189,29.6034666469588,483.115223938189,16.31954898051847
50.5,49.7537622488224 + 934.592522277787i,2.94544593459866,0.0497537622488224,0.934592522277787,49.7537622488224,934.592522277787,18.78435881097429
75.25,74.8526410118776 + 1382.57650016363i,2.92417121865427,0.0748526410118776,1.38257650016363,74.8526410118776,1382.57650016363,18.47064420805464
100.0,105.536870191742 + 1827.50677026331i,2.90856736021311,0.105536870191742,1.82750677026331,105.536870191742,1827.50677026331,17.31628735003275
