Freq [MHz],"Matrix1.Z(Winding,Winding) [mOhm]","Matrix1.L(Winding,Winding) [nH]",R_11_ohm,X_11_ohm,R_11_mOhm,X_11_mOhm,Q_1
1.0,7.69185701983616 + 19.6196535299788i,3.12256484104648,0.00769185701983616,0.0196196535299788,7.69185701983616,19.6196535299788,2.5507043980904247
25.75,32.0021759375069 + 433.052047899625i,2.67659705006965,0.0320021759375069,0.433052047899625,32.0021759375069,433.052047899625,13.531956350258147
50.5,52.086664383049 + 833.37346107962i,2.62644565885986,0.052086664383049,0.8333734610796201,52.086664383049,833.37346107962,15.99974717042606
75.25,75.1375541431894 + 1229.88206303208i,2.60122006314436,0.0751375541431894,1.22988206303208,75.1375541431894,1229.88206303208,16.368406944526004
100.0,102.058262354817 + 1623.39360863288i,2.58371117397712,0.102058262354817,1.62339360863288,102.058262354817,1623.39360863288,15.906537806698784
