Freq [MHz],"Matrix1.Z(Winding,Winding) [mOhm]","Matrix1.L(Winding,Winding) [nH]",R_11_ohm,X_11_ohm,R_11_mOhm,X_11_mOhm,Q_1
1.0,20.8593182109519 + 17.0258580176414i,2.7097494638884,0.020859318210951903,0.0170258580176414,20.859318210951905,17.0258580176414,0.8162231308548811
25.75,40.6656496440854 + 405.067168257916i,2.50362881990229,0.0406656496440854,0.40506716825791605,40.6656496440854,405.0671682579161,9.960917182023449
50.5,55.9403002434347 + 778.542527159032i,2.45364141791319,0.0559403002434347,0.778542527159032,55.9403002434347,778.542527159032,13.917381990641065
75.25,70.5459131717679 + 1148.82084021157i,2.42977429164992,0.07054591317176791,1.14882084021157,70.5459131717679,1148.8208402115702,16.284725628462372
100.0,85.6976552443329 + 1517.32028722772i,2.41489023965906,0.08569765524433291,1.51732028722772,85.6976552443329,1517.32028722772,17.70550527784783
