Freq [MHz],"Matrix1.Z(Winding,Winding) [mOhm]","Matrix1.L(Winding,Winding) [nH]",R_11_ohm,X_11_ohm,R_11_mOhm,X_11_mOhm,Q_1
1.0,13.186198471057 + 20.0500923870884i,3.1910713128543,0.013186198471057,0.0200500923870884,13.186198471057,20.0500923870884,1.5205362205867963
25.75,35.2010038678623 + 474.300647209923i,2.93154534039396,0.0352010038678623,0.474300647209923,35.2010038678623,474.300647209923,13.474065938299802
50.5,55.3742053746088 + 915.368433315315i,2.88485962202805,0.0553742053746088,0.915368433315315,55.3742053746088,915.3684333153151,16.530592667159908
75.25,79.2809835319854 + 1352.91551526284i,2.86143776531295,0.0792809835319854,1.35291551526284,79.2809835319854,1352.91551526284,17.06481750087037
100.0,107.839429262317 + 1787.62037319801i,2.84508618766242,0.107839429262317,1.78762037319801,107.839429262317,1787.62037319801,16.57668614741704
