Freq [MHz],"Matrix1.Z(Winding,Winding) [mOhm]","Matrix1.L(Winding,Winding) [nH]",R_11_ohm,X_11_ohm,R_11_mOhm,X_11_mOhm,Q_1
1.0,8.87581434295335 + 17.8071272232163i,2.83409231984112,0.008875814342953349,0.0178071272232163,8.87581434295335,17.8071272232163,2.0062527825803005
25.75,22.151047246419 + 426.787873510568i,2.63787960081109,0.022151047246419,0.42678787351056796,22.151047246419,426.787873510568,19.26716460683653
50.5,33.0778404065375 + 828.19796398331i,2.61013465003143,0.033077840406537495,0.82819796398331,33.0778404065375,828.19796398331,25.037848716980484
75.25,45.4005675249089 + 1227.80673687447i,2.59683071541663,0.045400567524908904,1.22780673687447,45.4005675249089,1227.80673687447,27.04386318961403
100.0,59.7462166491841 + 1626.19543940359i,2.58817042614579,0.0597462166491841,1.62619543940359,59.7462166491841,1626.19543940359,27.218383533006477
