Freq [MHz],"Matrix1.Z(Winding,Winding) [mOhm]","Matrix1.L(Winding,Winding) [nH]",R_11_ohm,X_11_ohm,R_11_mOhm,X_11_mOhm,Q_1
1.0,9.17285667267202 + 23.861281820116i,3.79764095018024,0.00917285667267202,0.023861281820116,9.17285667267202,23.861281820116,2.6012923423521994
25.75,42.1527412045102 + 546.18490533927i,3.37584572920092,0.0421527412045102,0.54618490533927,42.1527412045102,546.18490533927,12.957280825210724
50.5,81.2941941348504 + 1050.39180606563i,3.31039699244691,0.08129419413485041,1.0503918060656299,81.29419413485041,1050.39180606563,12.92087113039395
75.25,132.851893714835 + 1545.05068516219i,3.26780669596123,0.132851893714835,1.54505068516219,132.851893714835,1545.05068516219,11.629873251777823
100.0,195.860585379625 + 2029.61984762456i,3.23024031346868,0.195860585379625,2.02961984762456,195.860585379625,2029.6198476245602,10.362574193734119
