Freq [MHz],"Matrix1.Z(Winding,Winding) [mOhm]","Matrix1.L(Winding,Winding) [nH]",R_11_ohm,X_11_ohm,R_11_mOhm,X_11_mOhm,Q_1
1.0,13.0860540343042 + 16.987359191624i,2.7036221854245,0.0130860540343042,0.016987359191624002,13.0860540343042,16.987359191624,1.2981269332292833
25.75,24.4990642334849 + 414.21967769946i,2.56019841676896,0.024499064233484903,0.41421967769946005,24.4990642334849,414.2196776994601,16.907571397494916
50.5,33.6561155841147 + 804.268311251759i,2.53471836253244,0.0336561155841147,0.804268311251759,33.6561155841147,804.268311251759,23.896646933057372
75.25,43.4148187654803 + 1192.74220831874i,2.52266868157171,0.0434148187654803,1.19274220831874,43.4148187654803,1192.74220831874,27.473158756270227
100.0,54.3872072626846 + 1580.27012692235i,2.51507802120149,0.054387207262684596,1.58027012692235,54.3872072626846,1580.27012692235,29.055916022490518
