"Freq [MHz]","im(Matrix1.Z(Winding,Winding))/re(Matrix1.Z(Winding,Winding)) []","re(Matrix1.Z(Winding,Winding)) [ohm]","Matrix1.L(Winding,Winding) [nH]"
1,6.72243402157607,0.0070211305252395,7.51196795976453
25.75,7.1740852375567,0.161462333270388,7.15946639180806
50.5,4.19438322146118,0.505054542284869,6.67628922074485
75.25,3.15050710065461,0.923504346621972,6.15365343856553
100,2.63490247034843,1.35279146174544,5.67303587297724
