"Freq [MHz]","im(Matrix1.Z(Winding,Winding))/re(Matrix1.Z(Winding,Winding)) []","re(Matrix1.Z(Winding,Winding)) [mOhm]","Matrix1.L(Winding,Winding) [nH]"
1,5.87012449813207,5.45257806011236,5.09412192762631
25.75,17.1075372518829,47.0035618664644,4.97005462538917
50.5,10.5816558528654,146.633560612188,4.89007777853846
75.25,7.78768182392625,290.735107271075,4.78871845788139
100,6.32829504654686,464.484415408736,4.67819152472006
