"Freq [MHz]","im(Matrix1.Z(Winding,Winding))/re(Matrix1.Z(Winding,Winding)) []","re(Matrix1.Z(Winding,Winding)) [ohm]","Matrix1.L(Winding,Winding) [nH]"
1,1.8805696470136,0.0261560373110617,7.82855310619791
25.75,7.65197473955499,0.160672111633126,7.5990084489596
50.5,5.05092719762685,0.450791918498936,7.17589349073385
75.25,3.98869622147333,0.802141255489878,6.76698856430091
100,3.40451257101056,1.18184796657906,6.40378416763234
