"Freq [MHz]","im(Matrix1.Z(Winding,Winding))/re(Matrix1.Z(Winding,Winding)) []","re(Matrix1.Z(Winding,Winding)) [mOhm]","Matrix1.L(Winding,Winding) [nH]"
1,2.29758392185789,8.73071704805219,3.19257735291905
25.75,28.927998730774,17.4274885090772,3.11599027133113
50.5,32.203485722743,30.5800051140851,3.10362463014152
75.25,29.4436705703333,49.7173827362299,3.0960918448805
100,25.8991519825993,74.9512939183245,3.0894758909387
