"Freq [MHz]","im(Matrix1.Z(Winding,Winding))/re(Matrix1.Z(Winding,Winding)) []","re(Matrix1.Z(Winding,Winding)) [mOhm]","Matrix1.L(Winding,Winding) [nH]"
1,2.72102338888593,4.04792018714681,1.7530098138255
25.75,29.1079913685525,8.34667688565667,1.50165005821202
50.5,46.0894131494589,10.2924339574076,1.49502350528686
75.25,57.3433431417432,12.3003575649492,1.49181294930919
100,64.9960436958096,14.4004055852059,1.48964155105201
