"Freq [MHz]","im(Matrix1.Z(Winding,Winding))/re(Matrix1.Z(Winding,Winding)) []","re(Matrix1.Z(Winding,Winding)) [mOhm]","Matrix1.L(Winding,Winding) [nH]"
1,4.25377992738544,8.95850197484386,6.06499633816138
25.75,11.1453118648774,85.2273004429375,5.87102400410711
50.5,6.91821368907252,260.382810950932,5.67721101796884
75.25,5.23712498224056,492.781656403822,5.45834646433583
100,4.36437313789871,755.423757614992,5.24726073524851
