"Freq [MHz]","im(Matrix1.Z(Winding,Winding))/re(Matrix1.Z(Winding,Winding)) []","re(Matrix1.Z(Winding,Winding)) [ohm]","Matrix1.L(Winding,Winding) [nH]"
1,9.52300492763998,0.00588869326185059,8.92509964426562
25.75,4.56328346642634,0.291039092297688,8.20864875993541
50.5,2.74719603797772,0.82212048020025,7.11793261478354
75.25,2.15432273611188,1.35500597547057,6.1739854645801
100,1.87748855253197,1.81960648386869,5.43719495217296
