"Freq [MHz]","im(Matrix1.Z(Winding,Winding))/re(Matrix1.Z(Winding,Winding)) []","re(Matrix1.Z(Winding,Winding)) [mOhm]","Matrix1.L(Winding,Winding) [nH]"
1,2.17129338508247,13.1904054464324,4.55823578204327
25.75,17.7360197432862,40.2398731758874,4.41118899308416
50.5,14.2650996386004,97.1892974045108,4.36940202420125
75.25,11.1966291434421,182.588357835187,4.32388369560657
100,9.20508547347809,291.60330201714,4.27209001197059
