"Freq [MHz]","im(Matrix1.Z(Winding,Winding))/re(Matrix1.Z(Winding,Winding)) []","re(Matrix1.Z(Winding,Winding)) [mOhm]","Matrix1.L(Winding,Winding) [nH]"
1,3.86659037356794,8.96465376078642,5.51673112270277
25.75,14.2951235816367,60.5257797848287,5.34775134782581
50.5,9.11207316543682,182.816185211272,5.25001560318874
75.25,6.70855240976043,361.267119417539,5.12590886654584
100,5.41985657510882,578.1540631102,4.98713940012741
