"Freq [MHz]","im(Matrix1.Z(Winding,Winding))/re(Matrix1.Z(Winding,Winding)) []","re(Matrix1.Z(Winding,Winding)) [ohm]","Matrix1.L(Winding,Winding) [nH]"
1,7.42927224749907,0.00762349766007399,9.01406481361365
25.75,4.50077240896102,0.297113641464538,8.26518431570579
50.5,2.74227672972512,0.829016830359013,7.1647885753714
75.25,2.15623448880257,1.36467118827841,6.22354219278731
100,1.87780916806689,1.83549201207547,5.48559935714521
