"Freq [MHz]","im(Matrix1.Z(Winding,Winding))/re(Matrix1.Z(Winding,Winding)) []","re(Matrix1.Z(Winding,Winding)) [ohm]","Matrix1.L(Winding,Winding) [nH]"
1,4.75777847517107,0.0090468189820005,6.85046811720602
25.75,8.68627106387169,0.122642808044554,6.58443267956012
50.5,5.22658758424056,0.380256688852754,6.26359758757256
75.25,3.93438349580174,0.710086429747212,5.90883047256626
100,3.27313498399142,1.06951016355212,5.57145931707084
