"Freq [MHz]","im(Matrix1.Z(Winding,Winding))/re(Matrix1.Z(Winding,Winding)) []","re(Matrix1.Z(Winding,Winding)) [ohm]","Matrix1.L(Winding,Winding) [nH]"
1,9.92089009778639,0.00606231398220591,9.5721433978741
25.75,4.1017801184282,0.33479206996826,8.48770812253102
50.5,2.65704810107349,0.871873897936767,7.3009915554551
75.25,2.11441128796661,1.41920381464542,6.34669847376973
100,1.84412672074585,1.90373442861312,5.58749640090625
