"Freq [MHz]","im(Matrix1.Z(Winding,Winding))/re(Matrix1.Z(Winding,Winding)) []","re(Matrix1.Z(Winding,Winding)) [ohm]","Matrix1.L(Winding,Winding) [nH]"
1,6.18523490517812,0.00945549638931408,9.30809190780079
25.75,4.42426522191417,0.309358127401891,8.45951728731086
50.5,2.72932074525156,0.851402083705572,7.32348908276815
75.25,2.15753168991104,1.39438963475285,6.36289792894688
100,1.88522490633349,1.8708873370355,5.61346392361377
