"Freq [MHz]","im(Matrix1.Z(Winding,Winding))/re(Matrix1.Z(Winding,Winding)) []","re(Matrix1.Z(Winding,Winding)) [ohm]","Matrix1.L(Winding,Winding) [nH]"
1,4.16117963646623,0.010806656832615,7.15694956486041
25.75,7.74424723344601,0.143945302712299,6.8900060760767
50.5,4.59823799609335,0.447957650488799,6.49168080420603
75.25,3.45204132867883,0.828766847422007,6.05092798061253
100,2.87474452310511,1.23198611633843,5.63670362616637
