"Freq [MHz]","im(Matrix1.Z(Winding,Winding))/re(Matrix1.Z(Winding,Winding)) []","re(Matrix1.Z(Winding,Winding)) [mOhm]","Matrix1.L(Winding,Winding) [nH]"
1,5.59101251928793,6.80991006572205,6.05971184538687
25.75,11.6866957496431,81.4617884405955,5.8842155933276
50.5,6.91881499396615,262.107491677469,5.71531150217403
75.25,5.04701731835965,515.347774250442,5.50109097300093
100,4.09317091815358,809.331570488667,5.2723774415541
