"Freq [MHz]","im(Matrix1.Z(Winding,Winding))/re(Matrix1.Z(Winding,Winding)) []","re(Matrix1.Z(Winding,Winding)) [mOhm]","Matrix1.L(Winding,Winding) [nH]"
1,4.84256709082409,5.32671112617162,4.10539475454435
25.75,27.5941936439945,23.7665246291299,4.0534636759757
50.5,18.4173586561305,69.4307580585218,4.03002746648785
75.25,13.4968622742515,140.067493276777,3.99837754679338
100,10.7336291292896,231.784586076918,3.95959957124406
