"Freq [MHz]","im(Matrix1.Z(Winding,Winding))/re(Matrix1.Z(Winding,Winding)) []","re(Matrix1.Z(Winding,Winding)) [mOhm]","Matrix1.L(Winding,Winding) [nH]"
1,1.93486696940662,13.0854425295289,4.02957883504143
25.75,20.2949100166543,31.2854712105667,3.92439513724519
50.5,18.607604855655,66.4959960747588,3.89955207556762
75.25,15.295429364415,119.859105590431,3.87745112904582
100,12.7268403057279,190.230010719511,3.85318409281627
