"Freq [MHz]","im(Matrix1.Z(Winding,Winding))/re(Matrix1.Z(Winding,Winding)) []","re(Matrix1.Z(Winding,Winding)) [ohm]","Matrix1.L(Winding,Winding) [nH]"
1,1.93270977381594,0.0302439649074385,9.30305310409366
25.75,4.39515284138809,0.314202204370055,8.5354438194151
50.5,2.81774267129912,0.842684175604236,7.48333041045392
75.25,2.23764279950573,1.38600665180908,6.55948437912462
100,1.95511732584557,1.87225581856523,5.82583452553811
