"Freq [MHz]","im(Matrix1.Z(Winding,Winding))/re(Matrix1.Z(Winding,Winding)) []","re(Matrix1.Z(Winding,Winding)) [ohm]","Matrix1.L(Winding,Winding) [nH]"
1,7.06175682828177,0.00858177446444833,9.64517222718925
25.75,3.98524737757765,0.352348728524667,8.67902404543598
50.5,2.4251603679407,0.955981078642131,7.30665349897119
75.25,1.93294470931234,1.51419009142128,6.19032511597538
100,1.71855429680513,1.96627119617061,5.37807441235568
