"Freq [MHz]","im(Matrix1.Z(Winding,Winding))/re(Matrix1.Z(Winding,Winding)) []","re(Matrix1.Z(Winding,Winding)) [ohm]","Matrix1.L(Winding,Winding) [nH]"
1,9.54346831500539,0.00591712309870184,8.9874600298548
25.75,4.53235918229682,0.294287756800884,8.24402713489808
50.5,2.74915787520048,0.8249694152962,7.14769943915891
75.25,2.15892741890364,1.35975920095024,6.20888585201067
100,1.87890391770669,1.8300059794839,5.47239216444883
