"Freq [MHz]","im(Matrix1.Z(Winding,Winding))/re(Matrix1.Z(Winding,Winding)) []","re(Matrix1.Z(Winding,Winding)) [ohm]","Matrix1.L(Winding,Winding) [nH]"
1,6.45659364378902,0.00960867795116493,9.87386587402045
25.75,4.02812566287534,0.348846532349549,8.68520990680462
50.5,2.64456306923248,0.895686827316314,7.46515568837478
75.25,2.11571261358106,1.45086199946764,6.49226754320257
100,1.85131709892875,1.94170512886091,5.72116168853129
