"Freq [MHz]","im(Matrix1.Z(Winding,Winding))/re(Matrix1.Z(Winding,Winding)) []","re(Matrix1.Z(Winding,Winding)) [ohm]","Matrix1.L(Winding,Winding) [nH]"
1,7.47210679579088,0.00765832211715701,9.10745074963439
25.75,4.481458313764,0.301107761096182,8.34034871101442
50.5,2.73312758677546,0.838621912970776,7.22361956274333
75.25,2.15089569506455,1.37863431724671,6.27165359207587
100,1.87436827674768,1.85269623359568,5.52687033236724
