"Freq [MHz]","im(Matrix1.Z(Winding,Winding))/re(Matrix1.Z(Winding,Winding)) []","re(Matrix1.Z(Winding,Winding)) [ohm]","Matrix1.L(Winding,Winding) [nH]"
1,7.49015204640443,0.00552649005038573,6.58809962409202
25.75,9.23798221992876,0.112079380790439,6.3994955767308
50.5,5.35583248978489,0.36131175195877,6.09870780748164
75.25,3.9879992637595,0.68273792385092,5.75867705359425
100,3.29929888159458,1.03453277637404,5.43232877146505
