"Freq [MHz]","im(Matrix1.Z(Winding,Winding))/re(Matrix1.Z(Winding,Winding)) []","re(Matrix1.Z(Winding,Winding)) [mOhm]","Matrix1.L(Winding,Winding) [nH]"
1,5.80337128146374,5.37491745623567,4.96446309965002
25.75,17.8684964360808,44.28903225697,4.89133151883596
50.5,10.7611518730356,142.042487138201,4.8173231742643
75.25,7.84818813575434,284.30657377053,4.71921685569138
100,6.34975771111478,456.265262518079,4.61099542246108
