"Freq [MHz]","im(Matrix1.Z(Winding,Winding))/re(Matrix1.Z(Winding,Winding)) []","re(Matrix1.Z(Winding,Winding)) [mOhm]","Matrix1.L(Winding,Winding) [nH]"
1,4.43051829349764,5.30354756201467,3.73973762433699
25.75,33.212949587711,17.9834526726307,3.6916746629491
50.5,24.3177762545342,47.9976815958983,3.67851788708115
75.25,18.2151166583198,95.0647228661985,3.66239321599212
100,14.504631400017,157.78659460125,3.64247795133449
