"Freq [MHz]","im(Matrix1.Z(Winding,Winding))/re(Matrix1.Z(Winding,Winding)) []","re(Matrix1.Z(Winding,Winding)) [mOhm]","Matrix1.L(Winding,Winding) [nH]"
1,1.46640671661854,10.4082960866021,2.42914931579489
25.75,27.8522234075792,13.8699141176251,2.38768230154231
50.5,42.9311306730526,17.6045941103349,2.38191959180552
75.25,50.079131586375,22.4623219719992,2.37916775222094
100,52.2612854904392,28.5819131286234,2.37734118739278
