"Freq [MHz]","im(Matrix1.Z(Winding,Winding))/re(Matrix1.Z(Winding,Winding)) []","re(Matrix1.Z(Winding,Winding)) [mOhm]","Matrix1.L(Winding,Winding) [nH]"
1,4.5491728906015,5.34034454282993,3.8665341595056
25.75,29.9229051582864,20.4508350871338,3.7823150513968
50.5,22.6987437254557,52.6199461651428,3.76427180289104
75.25,17.3163413331206,102.27356291138,3.74570138014064
100,13.9178074493417,168.125221234969,3.72412135267205
