"Freq [MHz]","im(Matrix1.Z(Winding,Winding))/re(Matrix1.Z(Winding,Winding)) []","re(Matrix1.Z(Winding,Winding)) [mOhm]","Matrix1.L(Winding,Winding) [nH]"
1,2.907096062287,8.79264139527232,4.06816796380174
25.75,23.9022187128571,26.8531256462445,3.96712566995231
50.5,19.5513036808968,64.0167181655207,3.94455377570679
75.25,15.3078789224526,121.158386414137,3.92267318494221
100,12.4314626240471,196.996978190695,3.89764180379893
