"Freq [MHz]","im(Matrix1.Z(Winding,Winding))/re(Matrix1.Z(Winding,Winding)) []","re(Matrix1.Z(Winding,Winding)) [mOhm]","Matrix1.L(Winding,Winding) [nH]"
1,4.70568027798733,6.65900938170761,4.98714705781929
25.75,16.9651033772253,46.5919426869207,4.88551361259986
50.5,10.720947274594,142.336920185001,4.80927352699135
75.25,7.92736666903465,281.084160529854,4.7127993184855
100,6.45034750828462,448.801768054877,4.607420002365
