"Freq [MHz]","im(Matrix1.Z(Winding,Winding))/re(Matrix1.Z(Winding,Winding)) []","re(Matrix1.Z(Winding,Winding)) [ohm]","Matrix1.L(Winding,Winding) [nH]"
1,8.69631430852361,0.00766550844603389,10.6095344196169
25.75,3.45617885137884,0.421067261340517,8.99478076065122
50.5,2.28573644809445,1.03629736124653,7.46516307740794
75.25,1.8572748496455,1.60576254014061,6.30770141951035
100,1.66497684813287,2.06238382104601,5.46509635818269
