"Freq [MHz]","im(Matrix1.Z(Winding,Winding))/re(Matrix1.Z(Winding,Winding)) []","re(Matrix1.Z(Winding,Winding)) [ohm]","Matrix1.L(Winding,Winding) [nH]"
1,14.695944093759,0.00360507741505667,8.43203145462027
25.75,5.068407354994,0.251061977322919,7.86493894672933
50.5,2.98550617928865,0.737933270507619,6.94326625147641
75.25,2.30888350549356,1.24881826086674,6.09838571043945
100,1.98967659822863,1.70967374831003,5.41397027353512
