"Freq [MHz]","im(Matrix1.Z(Winding,Winding))/re(Matrix1.Z(Winding,Winding)) []","re(Matrix1.Z(Winding,Winding)) [ohm]","Matrix1.L(Winding,Winding) [nH]"
1,7.68566555804808,0.00550453245733325,6.73320830950859
25.75,8.43161868056156,0.125264304108546,6.52801563200381
50.5,4.86053578658099,0.403164197157656,6.17582322476846
75.25,3.6165952736852,0.755567838133456,5.77945652322216
100,2.99681149753177,1.13254677699189,5.40176524620976
