"Freq [MHz]","im(Matrix1.Z(Winding,Winding))/re(Matrix1.Z(Winding,Winding)) []","re(Matrix1.Z(Winding,Winding)) [mOhm]","Matrix1.L(Winding,Winding) [nH]"
1,2.96923464515381,13.2912802471078,6.2810386545604
25.75,10.4150829243696,94.223062472586,6.06544747368977
50.5,6.54015392731587,285.365521215449,5.88190793427929
75.25,4.83470364329485,552.815272429912,5.65279867045444
100,3.93924760183583,862.584539584453,5.40798004963504
