"Freq [MHz]","im(Matrix1.Z(Winding,Winding))/re(Matrix1.Z(Winding,Winding)) []","re(Matrix1.Z(Winding,Winding)) [mOhm]","Matrix1.L(Winding,Winding) [nH]"
1,1.00705368450029,20.763331030137,3.32789628096847
25.75,17.8279051290337,29.773823359552,3.28078537332687
50.5,22.1879384445591,46.7566092551734,3.26955550806924
75.25,21.2650381629433,72.5012880077561,3.26081016256918
100,19.1251710746088,106.82832958956,3.25171068356114
