"Freq [MHz]","im(Matrix1.Z(Winding,Winding))/re(Matrix1.Z(Winding,Winding)) []","re(Matrix1.Z(Winding,Winding)) [ohm]","Matrix1.L(Winding,Winding) [nH]"
1,11.2864759336222,0.00739157337221363,13.2774716801309
25.75,2.18238404456064,0.718080949412095,9.68606727712689
50.5,1.54428609583644,1.42557141534266,6.93817889155643
75.25,1.40051225778155,1.86769712124968,5.53231615871382
100,1.38637051347026,2.16159908072789,4.7695190909637
