"Freq [MHz]","im(Matrix1.Z(Winding,Winding))/re(Matrix1.Z(Winding,Winding)) []","re(Matrix1.Z(Winding,Winding)) [mOhm]","Matrix1.L(Winding,Winding) [nH]"
1,6.05660949156397,5.40318504375969,5.20834261935863
25.75,16.4589179379415,50.3794827792048,5.12504735593222
50.5,9.72174715621241,164.584839398551,5.04269734535403
75.25,6.99590883244212,333.222129937288,4.93050728395707
100,5.59229703484119,539.568094453818,4.80238112866271
