"Freq [MHz]","im(Matrix1.Z(Winding,Winding))/re(Matrix1.Z(Winding,Winding)) []","re(Matrix1.Z(Winding,Winding)) [ohm]","Matrix1.L(Winding,Winding) [nH]"
1,9.19306960035752,0.00477026541491701,6.97948251206288
25.75,8.25471850644807,0.131544573734351,6.71147696955363
50.5,4.77720028199751,0.420877167168368,6.33661860946936
75.25,3.56471935394163,0.7852523289848,5.9203612113278
100,2.9604079182593,1.17304160704593,5.52694452283347
