"Freq [MHz]","im(Matrix1.Z(Winding,Winding))/re(Matrix1.Z(Winding,Winding)) []","re(Matrix1.Z(Winding,Winding)) [ohm]","Matrix1.L(Winding,Winding) [nH]"
1,4.06588309723136,0.0106797783329694,6.91094215486217
25.75,7.93888245810836,0.136305642069874,6.68830551511733
50.5,4.71113216758584,0.425406892186404,6.31623912599914
75.25,3.53130840359856,0.790077307859144,5.90090827236746
100,2.9364181671869,1.17846649427719,5.50750973278225
