"Freq [MHz]","im(Matrix1.Z(Winding,Winding))/re(Matrix1.Z(Winding,Winding)) []","re(Matrix1.Z(Winding,Winding)) [mOhm]","Matrix1.L(Winding,Winding) [nH]"
1,3.66883093862176,5.28734487338319,3.08734718240214
25.75,43.2278368497556,11.383691082046,3.04151178651564
50.5,41.3147790391877,23.3126809811571,3.0354732400674
75.25,34.3787172761984,41.679761820971,3.03059934019771
100,28.6347287708227,66.3855854085862,3.02542920434802
