"Freq [MHz]","im(Matrix1.Z(Winding,Winding))/re(Matrix1.Z(Winding,Winding)) []","re(Matrix1.Z(Winding,Winding)) [ohm]","Matrix1.L(Winding,Winding) [nH]"
1,9.32730280891951,0.00960058691450724,14.2519402050161
25.75,1.93672730575141,0.806163343175435,9.65015792253324
50.5,1.43784037871056,1.48001137804121,6.70663210187226
75.25,1.35583928354659,1.86947569169348,5.36094883975727
100,1.37673528073892,2.13061295227868,4.66847606364498
