"Freq [MHz]","im(Matrix1.Z(Winding,Winding))/re(Matrix1.Z(Winding,Winding)) []","re(Matrix1.Z(Winding,Winding)) [ohm]","Matrix1.L(Winding,Winding) [nH]"
1,11.1984821258246,0.00859635722450421,15.3212340587526
25.75,1.69716343313952,0.894209110690816,9.38006082546553
50.5,1.34628474716035,1.49515951932426,6.34385443533253
75.25,1.3319112974949,1.82292921576421,5.13521623170052
100,1.38651339800807,2.0565947318956,4.53829707487341
