"Freq [MHz]","im(Matrix1.Z(Winding,Winding))/re(Matrix1.Z(Winding,Winding)) []","re(Matrix1.Z(Winding,Winding)) [ohm]","Matrix1.L(Winding,Winding) [nH]"
1,9.31433498154388,0.00952871766366917,14.1255850217489
25.75,1.93042897123574,0.805114066567583,9.60625563180622
50.5,1.43342714465924,1.47259590578893,6.65254723133558
75.25,1.35644966954143,1.85484471731457,5.32138730198774
100,1.3799759847996,2.11239585706449,4.63945500669576
