"Freq [MHz]","im(Matrix1.Z(Winding,Winding))/re(Matrix1.Z(Winding,Winding)) []","re(Matrix1.Z(Winding,Winding)) [mOhm]","Matrix1.L(Winding,Winding) [nH]"
1,3.15789120638574,13.1817695986422,6.6250782469506
25.75,10.5171437828901,98.9275441468028,6.43069537796726
50.5,6.73286014444685,293.628095712171,6.23054382926374
75.25,5.03457702387688,562.967618699628,5.99459755599305
100,4.13377892500642,873.685711617779,5.74807745625126
