"Freq [MHz]","im(Matrix1.Z(Winding,Winding))/re(Matrix1.Z(Winding,Winding)) []","re(Matrix1.Z(Winding,Winding)) [ohm]","Matrix1.L(Winding,Winding) [nH]"
1,3.53261236316488,0.0132725456189926,7.46225941971617
25.75,7.7089530699074,0.150041204140286,7.14905833676669
50.5,4.95492489968495,0.430945290527144,6.72958013353473
75.25,3.88040708971659,0.771617776346289,6.33276162813269
100,3.2951306630127,1.14026205566779,5.97994851306943
