"Freq [MHz]","im(Matrix1.Z(Winding,Winding))/re(Matrix1.Z(Winding,Winding)) []","re(Matrix1.Z(Winding,Winding)) [mOhm]","Matrix1.L(Winding,Winding) [nH]"
1,3.10316137596229,13.273110904103,6.55537010016424
25.75,9.03989248155484,113.021588413431,6.31491588318134
50.5,5.75048264291411,332.961550328625,6.03430330417411
75.25,4.43452092462166,612.097463595956,5.74091234289956
100,3.7350186096674,920.363228203068,5.47106860124596
