"Freq [MHz]","im(Matrix1.Z(Winding,Winding))/re(Matrix1.Z(Winding,Winding)) []","re(Matrix1.Z(Winding,Winding)) [ohm]","Matrix1.L(Winding,Winding) [nH]"
1,4.98999429968419,0.0110021599980574,8.73772027888252
25.75,4.83501821335132,0.272212557260743,8.13484286033276
50.5,2.86228339227009,0.79267813071933,7.15053045612553
75.25,2.2126878653092,1.33116725821633,6.22968960673786
100,1.91487055024251,1.80292852303109,5.49462504153673
