"Freq [MHz]","im(Matrix1.Z(Winding,Winding))/re(Matrix1.Z(Winding,Winding)) []","re(Matrix1.Z(Winding,Winding)) [mOhm]","Matrix1.L(Winding,Winding) [nH]"
1,4.95407641939993,6.71706471093976,5.29617546915666
25.75,15.4852255663758,54.0208161949195,5.17036943772563
50.5,9.56615327125481,168.553725777357,5.08164643905052
75.25,6.98592678651001,336.162227856581,4.96691320034977
100,5.62673877705998,540.274933434841,4.83828785816269
