"Freq [MHz]","im(Matrix1.Z(Winding,Winding))/re(Matrix1.Z(Winding,Winding)) []","re(Matrix1.Z(Winding,Winding)) [mOhm]","Matrix1.L(Winding,Winding) [nH]"
1,5.51828884206297,4.28569704152968,3.76396891202807
25.75,34.9462398461869,17.1996520571819,3.71503588307227
50.5,24.4278812790726,48.0850135750842,3.70189671175809
75.25,18.0414326371305,96.588880740485,3.68563040509288
100,14.276742741542,161.319744132625,3.66553009901072
