"Freq [MHz]","im(Matrix1.Z(Winding,Winding))/re(Matrix1.Z(Winding,Winding)) []","re(Matrix1.Z(Winding,Winding)) [ohm]","Matrix1.L(Winding,Winding) [nH]"
1,7.61600316250929,0.0165719517080584,20.0872695053743
25.75,1.39402709734586,1.08711656453673,9.36677799924907
50.5,1.26189409955943,1.59284593621521,6.33469099644717
75.25,1.32970958711097,1.88441791682034,5.29965565423435
100,1.41145605569261,2.12839274934899,4.78122590388691
