"Freq [MHz]","im(Matrix1.Z(Winding,Winding))/re(Matrix1.Z(Winding,Winding)) []","re(Matrix1.Z(Winding,Winding)) [mOhm]","Matrix1.L(Winding,Winding) [nH]"
1,4.99776586367423,6.7214076462509,5.34633630045691
25.75,15.3459949561806,55.0239881276506,5.21903265447163
50.5,9.43175281720691,172.597603753598,5.13045551040293
75.25,6.85362353513297,345.926968960448,5.01439214161493
100,5.49446045800324,558.28771627191,4.88206161569008
