"Freq [MHz]","im(Matrix1.Z(Winding,Winding))/re(Matrix1.Z(Winding,Winding)) []","re(Matrix1.Z(Winding,Winding)) [mOhm]","Matrix1.L(Winding,Winding) [nH]"
1,1.8367955914193,10.419203736631,3.04589894359395
25.75,29.3002647024861,16.5887341388492,3.00419202603977
50.5,34.2616844476652,27.757750962565,2.99724151523916
75.25,31.6504699593666,44.7000415679184,2.99227646913447
100,27.8478387123577,67.4017607729665,2.98732771861704
