"Freq [MHz]","im(Matrix1.Z(Winding,Winding))/re(Matrix1.Z(Winding,Winding)) []","re(Matrix1.Z(Winding,Winding)) [ohm]","Matrix1.L(Winding,Winding) [nH]"
1,9.96296600807945,0.00609229088041151,9.66027325081683
25.75,4.08098022703196,0.339161680972668,8.55488484299993
50.5,2.64629160240244,0.881513732591194,7.35183132680373
75.25,2.10725340881124,1.43317625328013,6.38748651126167
100,1.83860675578749,1.92109570006367,5.62157466311761
