"Freq [MHz]","im(Matrix1.Z(Winding,Winding))/re(Matrix1.Z(Winding,Winding)) []","re(Matrix1.Z(Winding,Winding)) [mOhm]","Matrix1.L(Winding,Winding) [nH]"
1,3.28874200005407,10.581503740297,5.53856588228893
25.75,13.0410866062692,67.3616926215753,5.42962290977241
50.5,8.18314102057483,205.532336034108,5.30064778453469
75.25,6.12083615948767,397.175375342093,5.14169956332134
100,5.04813002420601,619.703811728776,4.97891636989965
