"Freq [MHz]","im(Matrix1.Z(Winding,Winding))/re(Matrix1.Z(Winding,Winding)) []","re(Matrix1.Z(Winding,Winding)) [mOhm]","Matrix1.L(Winding,Winding) [nH]"
1,4.92909797766595,4.62371228562673,3.62725747565486
25.75,11.1546711104086,46.7373407859723,3.2222829018021
50.5,8.7526271724171,112.612884256679,3.10638488935389
75.25,7.48400266624069,190.464114123808,3.01481537902763
100,6.69742567244668,275.660263230555,2.9383410381421
