"Freq [MHz]","im(Matrix1.Z(Winding,Winding))/re(Matrix1.Z(Winding,Winding)) []","re(Matrix1.Z(Winding,Winding)) [mOhm]","Matrix1.L(Winding,Winding) [nH]"
1,5.14923486861479,7.14657684931165,5.85680684312483
25.75,11.9923919448279,77.4398431478653,5.74001697764507
50.5,7.03488550153996,251.623580937532,5.57875289865395
75.25,5.13085711985338,495.095801710327,5.37270248366037
100,4.16585168609258,777.449417316485,5.15461315819982
