"Freq [MHz]","im(Matrix1.Z(Winding,Winding))/re(Matrix1.Z(Winding,Winding)) []","re(Matrix1.Z(Winding,Winding)) [mOhm]","Matrix1.L(Winding,Winding) [nH]"
1,5.27243554694504,5.37329153906367,4.50891258646887
25.75,23.0888668332647,31.1413027826313,4.44408435957428
50.5,14.571822090368,95.9865789497642,4.40811714244914
75.25,10.5378125962002,195.562944264724,4.35863663960907
100,8.35242128274098,323.368804878063,4.29863573329885
