"Freq [MHz]","im(Matrix1.Z(Winding,Winding))/re(Matrix1.Z(Winding,Winding)) []","re(Matrix1.Z(Winding,Winding)) [ohm]","Matrix1.L(Winding,Winding) [nH]"
1,11.2864759335255,0.00739157337215907,13.2774716799192
25.75,2.18238404458321,0.718080949398157,9.68606727703905
50.5,1.54428609583908,1.42557141533897,6.93817889155032
75.25,1.40051225779026,1.86769712122477,5.53231615867444
100,1.38637051346039,2.16159908075367,4.76951909098665
